rainfall,water_level,elevation,drainage,humidity,soil_type,population_density,distance_to_river,historical_flood_freq,drainage_capacity,flood
135.6,2.1,3,1,73.4,2,2,1.9,2,563,1
195.4,3.9,1,2,77.6,1,2,4.6,3,586,1
151.0,2.4,1,2,75.8,1,2,1.7,3,646,1
83.8,1.4,1,2,56.8,2,1,0.9,4,586,1
200.2,3.8,1,1,77.5,2,2,1.2,3,597,1
61.3,0.9,1,1,54.8,1,2,0.2,1,912,0
117.0,2.4,2,1,65.6,1,3,2.1,1,901,1
87.0,2.1,1,2,51.4,3,1,0.5,2,351,1
63.3,1.2,1,3,43.4,3,1,5.0,0,563,0
118.9,2.5,2,1,65.4,1,2,1.6,4,305,1
239.7,3.6,1,2,100.0,2,3,4.3,0,924,1
98.6,1.6,1,3,63.3,2,2,9.3,1,218,0
122.9,2.3,1,2,63.7,2,3,5.7,2,613,1
130.2,2.0,2,2,74.1,3,3,9.1,2,967,1
139.3,2.6,1,3,75.2,1,3,2.5,2,282,1
62.0,1.5,1,1,60.0,2,3,0.5,2,846,1
201.6,3.0,1,1,87.8,2,3,8.2,1,623,1
208.4,3.4,2,1,90.3,2,1,6.1,1,309,1
15.5,0.3,1,3,47.1,2,3,6.0,4,676,0
241.8,4.6,2,3,90.8,3,2,3.5,1,922,1
197.1,3.8,2,2,75.2,1,3,2.9,1,253,1
158.5,2.9,2,1,72.3,1,1,0.1,1,551,1
3.9,0.2,1,1,46.4,1,2,4.1,0,643,0
136.8,2.8,1,1,68.2,3,2,0.3,2,918,1
77.3,1.3,1,1,56.3,2,2,0.9,2,597,1
57.0,0.8,1,2,46.7,2,1,2.4,3,609,0
49.0,0.8,1,3,48.0,1,2,1.8,3,922,0
48.4,0.9,2,3,50.6,3,3,0.1,0,919,0
48.6,0.7,1,2,53.2,3,2,5.2,2,525,0
52.6,0.8,1,1,49.3,2,1,6.3,0,361,0
39.0,0.8,2,1,45.9,1,3,3.4,0,364,0
37.9,0.7,2,1,52.5,1,2,2.3,1,691,0
54.5,0.9,1,2,53.6,2,1,9.7,1,680,0
55.8,0.4,2,3,54.5,2,2,0.4,2,371,0
24.8,0.4,1,1,53.1,1,3,4.0,3,286,0
12.0,0.1,2,1,40.1,2,2,0.4,4,615,0
115.3,2.4,2,1,65.1,1,2,1.4,3,358,1
75.3,1.3,2,1,59.3,2,2,2.6,0,210,0
37.4,0.3,2,2,43.9,2,2,4.0,1,289,0
152.5,2.8,1,1,74.7,1,1,0.1,1,815,1
39.6,1.2,1,2,48.8,2,3,0.9,1,614,0
112.6,2.3,2,3,78.7,1,3,2.3,0,363,0
226.3,4.2,1,2,90.3,1,2,2.3,0,301,1
148.4,2.2,3,1,78.4,3,2,3.0,2,572,1
99.8,2.4,1,1,66.1,1,3,1.1,3,914,1
91.5,1.4,1,2,54.3,1,2,2.3,3,621,1
88.3,1.9,1,1,51.7,1,2,0.6,2,324,1
70.6,1.2,1,1,56.8,1,1,0.6,2,539,0
163.8,3.3,2,2,82.3,1,2,2.6,2,912,1
125.9,2.7,2,2,69.1,1,3,3.5,2,309,1
148.7,2.9,2,2,73.1,2,1,0.4,0,647,1
246.1,4.7,2,1,92.7,1,1,0.4,3,296,1
82.6,1.5,3,3,51.6,2,2,2.5,2,399,0
24.5,0.3,2,1,40.6,1,3,0.9,0,304,0
36.8,0.7,1,1,40.0,1,2,1.5,0,576,0
124.2,2.1,2,2,61.8,1,2,1.5,0,250,0
146.1,3.5,1,2,69.5,3,2,0.6,2,274,1
51.4,0.6,1,3,55.2,2,2,0.1,3,260,0
36.7,1.0,2,2,45.8,2,1,5.8,1,292,0
125.2,2.5,1,3,68.8,1,1,3.8,1,684,1
77.6,1.5,1,3,57.7,3,2,3.5,4,227,0
246.0,5.0,1,2,96.6,1,2,2.4,1,231,1
176.2,3.3,1,2,73.6,1,3,3.6,0,888,1
175.6,3.0,3,2,83.9,2,2,8.2,1,532,0
43.9,0.9,1,3,42.6,1,1,3.3,3,551,0
40.7,0.7,1,2,46.7,3,2,0.9,2,317,0
183.6,3.5,1,1,80.3,1,2,2.5,1,597,1
68.2,1.5,1,2,58.8,3,1,1.8,5,322,0
56.9,0.7,3,1,59.4,2,3,2.4,3,330,0
36.1,1.1,1,1,51.8,2,3,2.2,0,667,0
50.3,0.8,2,1,58.1,1,1,5.9,3,919,0
41.5,0.9,2,2,45.0,1,2,3.2,0,660,0
21.4,0.6,3,3,50.7,3,1,0.6,2,305,0
92.6,1.8,2,1,65.5,1,2,0.2,1,920,0
187.3,3.4,2,1,69.2,2,2,1.7,2,319,1
172.3,3.0,1,1,76.8,3,2,0.1,1,914,1
123.2,2.1,1,2,70.1,1,3,1.1,4,310,1
66.0,1.7,1,1,51.9,2,1,1.4,1,391,1
68.0,0.9,3,1,49.5,2,2,1.4,2,635,0
224.7,3.8,1,1,100.0,1,3,11.6,1,878,1
63.7,0.9,1,2,54.6,1,2,1.1,4,1000,0
20.5,0.4,1,1,45.2,2,1,0.9,3,581,0
209.1,3.3,1,2,79.5,1,1,0.4,1,600,1
73.9,0.9,1,1,53.2,2,2,2.1,4,558,1
129.4,2.3,3,2,64.0,1,3,0.5,1,636,0
27.4,0.1,1,1,51.4,3,3,2.9,2,985,0
183.3,2.9,2,2,82.8,1,3,0.5,3,225,1
69.3,0.8,2,1,52.4,2,3,2.6,0,286,0
174.8,2.9,1,2,81.3,2,2,5.3,5,956,1
233.5,4.5,1,3,90.1,1,3,0.1,1,847,1
171.6,3.5,1,3,78.9,1,3,1.6,0,329,1
46.3,1.5,1,2,51.3,2,2,1.9,4,235,0
210.7,4.5,2,2,88.5,3,2,4.7,3,920,1
8.3,0.4,1,3,43.3,1,2,1.9,0,604,0
134.5,2.8,1,2,71.7,2,1,2.5,0,766,1
75.5,1.4,2,1,62.9,1,1,4.7,3,337,1
188.8,3.6,3,3,84.7,1,3,2.5,0,791,1
33.7,1.3,2,1,45.7,2,3,1.3,4,296,0
95.7,1.9,2,1,60.6,3,1,0.3,3,341,0
57.8,1.5,2,1,58.9,1,2,3.9,1,279,0
28.1,0.2,1,1,46.7,3,3,6.1,1,877,0
109.8,1.8,2,2,62.3,1,2,10.5,2,580,0
162.2,3.1,1,1,72.5,2,2,7.8,1,927,1
2.2,0.1,2,1,41.8,2,3,4.8,3,237,0
109.8,1.8,2,1,59.9,2,3,3.1,5,872,0
197.4,4.4,1,2,89.9,2,3,4.6,2,952,1
76.4,1.4,2,2,51.6,1,2,1.7,1,876,0
86.8,1.4,3,1,66.5,2,1,2.7,1,873,0
89.5,1.7,1,1,58.3,2,3,1.3,2,231,1
219.1,4.0,2,1,82.8,1,1,1.2,2,632,1
103.1,1.9,1,3,63.6,3,3,4.2,2,921,0
47.7,0.3,2,2,45.7,1,1,1.8,0,949,0
67.5,1.7,1,2,55.0,2,2,0.7,4,594,0
62.5,1.6,2,1,50.9,1,2,0.7,1,316,0
150.4,3.2,3,2,77.8,1,1,5.9,3,615,1
41.8,0.9,3,2,49.9,1,3,3.4,3,529,0
152.1,3.0,2,1,67.5,2,1,2.4,2,418,1
7.2,0.1,1,1,40.0,2,3,1.5,1,949,0
149.7,3.0,3,1,76.5,1,3,1.7,2,304,1
7.0,0.2,1,3,48.0,1,2,0.2,0,289,0
146.2,2.5,3,3,71.9,1,3,1.8,3,666,0
66.9,1.5,1,2,49.5,2,2,4.8,0,605,0
182.4,3.6,1,2,85.4,2,3,1.5,1,346,1
4.6,0.1,2,1,44.5,1,2,1.5,0,271,0
50.2,1.1,1,2,57.6,1,2,0.1,3,256,0
91.1,1.3,1,2,61.5,2,2,1.8,2,292,0
27.8,0.9,1,1,43.5,1,2,0.1,2,301,0
248.4,4.2,1,3,97.2,1,3,2.5,2,321,1
212.1,3.6,1,1,88.3,1,1,2.1,3,373,1
213.1,3.9,1,1,84.0,2,2,5.5,0,656,1
220.2,4.4,1,2,89.4,2,2,2.6,2,966,1
182.5,3.7,1,2,79.2,2,3,1.2,2,563,1
16.7,0.3,2,2,47.4,1,1,2.2,0,585,0
4.9,0.4,1,1,43.5,2,2,3.6,1,348,0
106.3,1.3,3,3,58.1,1,1,0.3,1,961,0
37.9,0.4,3,2,42.6,3,2,2.9,0,637,0
115.3,1.9,1,2,64.9,2,3,7.5,1,572,1
220.6,4.4,2,3,88.7,2,3,1.1,0,248,1
247.6,4.7,2,2,98.3,1,3,3.0,2,312,1
168.5,3.1,3,1,79.6,1,2,5.2,1,555,1
206.3,3.8,2,2,92.7,2,3,2.2,1,623,1
56.6,1.6,1,1,50.1,2,2,3.8,4,963,0
35.9,0.6,2,1,45.3,1,3,1.1,2,309,0
43.6,0.3,2,1,44.8,3,2,1.1,1,235,1
127.4,2.7,2,3,71.8,3,2,3.3,2,575,0
111.1,2.1,1,1,64.6,2,1,3.7,1,943,1
45.2,1.2,3,2,40.7,3,2,8.3,0,324,0
104.9,1.9,3,1,64.1,1,1,0.8,0,628,0
30.3,0.3,1,2,48.0,1,3,1.9,5,388,0
29.6,0.7,1,2,45.8,1,2,0.9,3,617,0
46.5,0.8,1,2,51.7,2,3,0.3,3,916,0
54.3,1.1,2,1,45.8,1,1,1.5,5,943,0
47.7,1.4,2,2,58.7,3,1,1.4,4,241,0
133.6,2.0,2,3,71.3,1,3,0.9,3,278,1
106.1,2.0,1,2,54.5,1,2,1.1,2,563,1
93.1,1.4,2,2,60.5,3,2,1.3,1,333,0
49.4,0.1,1,3,52.9,1,3,13.5,0,554,0
80.5,1.4,1,1,52.1,1,2,4.6,2,628,1
135.3,2.5,2,2,72.4,2,1,0.2,2,289,1
207.9,4.0,3,3,94.1,1,3,6.2,5,882,1
95.4,1.7,3,1,57.8,1,1,3.0,1,346,0
69.6,0.7,3,2,57.5,1,3,6.6,2,833,0
61.1,0.8,1,1,54.5,2,1,1.3,2,876,0
144.2,3.1,1,2,76.6,3,2,1.9,0,746,1
58.3,0.8,2,2,52.3,3,1,6.8,2,393,0
54.8,1.6,3,1,46.7,1,3,1.0,2,809,0
53.7,1.3,1,2,56.3,1,1,7.4,2,875,0
1.2,0.1,1,1,40.0,2,3,5.3,2,303,0
83.5,1.3,1,1,67.4,3,2,11.8,0,229,0
208.8,4.2,2,1,88.7,1,1,1.2,2,401,1
7.2,0.1,1,3,40.0,1,3,0.8,2,901,0
75.5,0.8,1,1,62.2,2,2,1.2,2,891,0
178.8,3.4,1,3,79.3,3,1,9.3,2,919,1
20.3,0.5,1,2,43.4,1,1,1.2,0,918,0
81.8,1.9,3,1,54.6,1,2,2.5,0,557,0
215.2,4.0,1,2,78.0,1,1,1.6,1,366,1
103.2,1.7,2,2,65.7,1,1,1.5,1,308,1
9.4,0.6,2,2,40.0,2,2,0.6,2,365,0
42.9,1.3,3,1,45.5,2,2,2.3,4,571,0
35.1,0.7,1,1,49.9,2,2,5.7,0,810,0
0.6,0.1,3,1,40.0,1,1,0.2,0,972,0
48.6,0.4,2,1,51.5,1,3,6.6,1,337,0
131.6,2.2,3,1,62.9,1,3,3.3,1,658,0
232.9,4.5,3,1,89.5,1,2,2.9,2,661,1
65.2,1.0,1,1,55.2,2,1,2.9,3,601,1
240.2,3.9,1,1,88.1,1,3,1.1,3,582,1
98.8,3.0,1,1,70.2,1,2,1.6,0,295,1
67.2,0.7,2,1,51.6,1,2,4.8,4,928,0
37.7,1.5,1,3,55.2,2,2,1.1,0,614,0
46.6,0.7,1,1,49.4,2,3,1.9,2,809,1
242.8,4.4,1,2,85.6,3,1,0.1,2,294,1
209.5,3.6,1,1,80.4,1,3,4.0,2,371,1
110.3,2.3,1,3,65.1,2,3,1.6,1,300,1
56.4,0.5,1,1,57.6,1,2,2.2,1,1000,0
22.0,0.1,1,3,53.7,1,3,0.4,2,852,0
60.9,1.7,1,2,54.0,3,1,14.4,0,617,0
202.1,3.4,1,1,78.6,1,2,1.1,0,851,1
212.2,4.1,1,3,88.1,2,2,3.0,2,557,1
139.6,2.2,3,2,66.6,1,2,2.6,2,258,1
222.2,4.3,2,1,90.8,2,2,4.6,2,710,1
21.8,1.0,1,2,40.1,2,2,1.0,0,887,0
84.6,1.4,1,3,48.2,3,1,4.2,3,265,0
210.0,3.1,2,2,92.8,3,2,1.4,0,300,1
10.6,0.8,3,1,41.2,2,2,1.6,4,589,0
245.2,4.8,3,2,94.2,1,3,3.4,1,341,1
18.7,0.2,2,2,49.1,2,1,4.6,2,798,0
161.5,2.9,1,3,84.9,2,2,3.3,4,552,1
180.1,2.9,1,2,83.2,1,1,6.9,1,342,1
74.8,1.9,1,1,57.0,2,1,1.0,0,276,1
216.6,3.8,3,3,90.0,3,2,6.9,1,862,1
155.0,2.3,2,1,72.6,2,1,0.4,1,560,1
131.9,2.5,2,1,69.2,1,2,3.2,2,636,1
137.3,2.2,1,2,70.9,3,2,2.4,1,334,1
114.5,1.7,2,2,61.3,1,3,2.0,4,948,1
19.1,0.2,1,1,44.3,1,3,1.1,2,542,0
56.4,1.1,1,2,54.2,2,2,2.1,0,539,0
63.8,0.7,1,1,56.6,1,3,0.5,3,957,0
204.5,4.2,2,1,87.2,2,1,1.4,1,310,1
22.2,0.6,1,3,40.0,1,2,0.3,1,570,0
212.1,3.7,3,1,92.8,1,3,2.5,1,292,1
58.6,0.7,1,1,58.6,1,1,0.3,2,538,0
80.1,1.4,2,1,57.1,3,1,0.5,1,274,0
4.5,0.4,2,3,43.3,2,1,0.3,2,908,0
104.7,2.2,1,1,62.0,1,2,1.4,0,318,1
84.7,1.9,2,1,62.4,1,2,5.5,5,596,0
104.0,1.7,2,2,58.8,1,2,7.1,3,891,0
56.5,0.1,2,2,59.1,2,2,0.2,1,937,0
17.1,0.7,3,1,47.3,1,2,3.0,3,595,0
239.0,4.3,2,2,96.2,2,3,3.5,2,578,1
116.9,2.4,1,1,65.2,2,1,2.3,0,262,1
220.2,4.6,2,3,81.4,2,3,3.3,0,212,1
46.3,1.7,1,1,54.6,2,2,0.8,0,632,0
238.6,4.1,1,1,85.6,2,3,2.0,3,373,1
31.1,0.6,1,1,51.3,1,3,1.5,2,259,0
37.0,1.2,2,1,44.3,2,2,0.3,1,236,0
31.5,0.3,2,2,40.0,2,1,2.9,0,569,0
5.1,0.1,1,1,41.1,1,2,2.1,2,615,0
175.9,3.0,2,1,84.6,3,3,1.0,2,275,1
77.8,1.4,3,2,52.3,1,2,1.9,3,274,0
164.1,2.9,1,2,84.1,1,1,4.5,5,596,1
119.1,2.0,1,1,69.5,1,1,4.9,1,605,1
80.9,1.1,2,1,58.6,3,3,3.1,1,618,0
87.1,1.9,1,1,57.0,2,1,1.9,1,885,1
45.0,1.3,2,1,48.1,2,1,2.6,3,284,0
23.1,0.9,1,1,47.2,1,2,1.5,0,204,0
104.3,1.7,1,2,67.2,2,3,0.4,1,347,0
170.8,3.4,2,3,74.6,1,2,1.5,3,613,1
35.5,0.7,2,1,43.8,3,2,2.3,0,676,0
5.5,0.1,2,1,40.1,1,2,2.7,1,326,0
134.4,2.7,3,1,76.5,1,1,8.2,2,596,1
2.8,0.1,2,1,40.0,1,3,4.5,0,526,0
13.7,0.1,2,1,48.7,3,2,0.5,1,818,0
2.7,0.1,1,3,40.8,2,2,0.6,2,652,0
9.4,0.1,2,2,40.0,2,3,0.3,1,628,0
94.8,1.8,1,3,58.5,2,3,4.0,0,673,0
44.3,1.4,2,3,52.8,3,2,3.7,4,947,0
187.0,3.3,1,2,90.1,3,1,12.9,0,881,1
185.9,3.0,2,2,74.3,2,3,2.2,3,485,1
150.1,3.3,1,1,58.9,1,2,5.3,0,630,1
115.2,1.9,2,2,58.8,1,3,2.6,2,549,1
124.3,1.6,3,3,73.0,3,3,6.2,0,591,0
51.3,1.0,1,1,42.3,2,1,3.8,0,621,1
195.7,3.4,3,3,90.5,1,3,3.1,0,268,1
28.5,1.3,1,1,52.3,2,2,2.5,2,859,1
36.5,0.8,2,3,49.0,3,2,3.9,2,585,0
53.9,0.9,3,3,48.7,1,1,1.6,0,798,0
210.4,3.5,1,2,86.6,2,3,0.3,5,548,1
97.5,1.9,3,2,64.5,3,2,0.1,1,548,1
32.2,1.1,1,2,49.4,2,2,2.0,2,288,0
25.6,0.6,1,3,54.3,1,3,2.7,1,553,0
14.9,0.1,3,3,42.0,3,2,0.2,2,574,0
104.5,2.1,1,2,56.5,3,2,1.0,3,278,1
246.2,4.5,3,2,86.8,3,3,1.2,2,1000,1
133.9,2.6,3,2,61.1,2,3,2.5,1,338,1
54.0,0.9,1,3,52.9,1,3,1.0,1,594,0
55.3,0.9,2,2,51.0,3,3,0.3,3,322,0
189.8,3.3,1,3,81.9,1,2,0.5,0,946,1
3.5,0.4,1,2,40.0,3,2,0.6,1,314,0
35.4,0.5,1,1,42.2,3,2,5.5,0,548,0
19.2,0.2,1,1,47.3,2,2,1.0,1,293,0
6.5,0.1,1,1,40.0,3,2,3.8,0,551,0
21.2,0.5,1,1,40.7,2,3,2.5,4,884,0
233.6,4.4,3,1,95.3,1,1,11.3,3,292,1
31.2,0.4,2,2,42.4,2,1,1.0,2,653,0
80.5,1.2,2,1,59.7,1,1,0.5,1,260,0
131.9,3.1,2,1,65.0,2,1,0.2,2,556,1
80.8,0.8,2,2,55.5,1,2,0.8,2,564,0
124.4,2.4,1,3,70.2,2,1,3.5,2,570,0
151.5,3.2,2,2,66.9,3,1,0.3,0,584,1
97.3,0.6,3,3,65.1,3,1,0.8,5,616,0
20.3,0.6,1,2,44.7,1,3,5.8,2,261,0
156.0,2.8,2,1,80.6,2,3,2.6,4,606,1
234.1,4.3,2,2,92.5,2,1,0.2,0,306,1
200.2,3.5,3,2,78.7,3,3,0.1,1,928,1
161.4,3.3,2,1,84.1,2,2,0.2,0,889,1
90.5,1.8,1,1,55.0,2,1,8.5,3,342,1
1.5,0.1,1,2,40.0,3,2,5.7,1,318,0
232.2,3.9,1,1,95.9,1,1,5.6,3,316,1
24.6,1.1,2,2,40.0,3,3,7.7,3,872,0
182.5,3.3,1,1,87.3,3,1,2.1,2,914,1
100.1,2.6,3,2,56.3,3,3,0.9,2,318,0
63.1,1.8,1,2,51.6,1,1,1.5,3,570,1
123.8,1.6,1,1,68.7,2,2,3.8,2,360,1
5.6,0.1,1,1,41.0,3,3,6.3,1,731,0
44.1,0.4,2,2,53.6,1,1,1.7,2,567,0
19.2,0.3,1,3,40.0,2,2,2.3,4,576,0
162.4,3.0,1,3,79.4,1,2,8.1,1,878,1
96.4,1.8,1,2,65.2,1,2,0.3,4,535,1
31.7,0.9,1,2,52.1,2,1,5.9,0,256,0
181.6,3.8,1,1,72.0,2,1,0.5,1,643,1
92.6,2.0,2,1,53.0,1,2,2.0,0,596,0
51.8,0.7,2,1,49.7,2,2,0.7,0,996,0
141.8,2.3,1,2,64.4,2,2,2.8,3,286,1
31.3,0.6,2,1,40.0,2,1,2.5,4,621,0
50.1,1.1,3,1,49.1,2,2,1.4,3,555,0
112.3,2.0,2,2,65.9,2,2,6.0,5,594,1
242.8,3.9,2,2,100.0,2,2,3.2,1,304,1
70.7,1.5,3,1,58.3,1,2,3.8,0,795,0
153.8,2.7,3,1,82.6,2,2,0.5,2,259,1
108.2,1.8,2,1,63.6,2,2,6.4,3,332,1
72.7,1.3,1,1,58.8,2,1,0.5,0,929,0
33.5,0.5,2,2,46.6,1,2,0.8,5,238,0
71.2,1.2,2,1,69.1,2,1,0.4,2,282,0
57.0,0.6,1,2,49.1,1,2,1.7,5,482,0
152.3,2.7,1,3,70.8,3,2,6.6,1,300,1
247.0,4.7,2,1,98.3,1,2,0.9,2,963,1
37.1,0.8,2,3,49.2,3,2,1.4,3,665,0
206.9,4.1,1,1,83.4,2,1,5.6,3,663,1
79.4,1.2,2,1,62.3,2,2,2.9,1,326,1
86.2,1.1,1,1,58.8,1,3,4.2,4,358,1
130.5,2.3,1,1,68.5,1,2,0.7,4,591,1
34.7,0.4,2,1,48.8,1,3,3.8,0,574,0
41.8,0.6,1,1,40.5,1,3,0.8,0,957,1
171.7,3.2,1,2,69.8,2,2,13.1,2,314,1
81.0,1.3,3,3,63.3,1,1,2.5,2,510,0
154.1,2.4,1,2,70.5,2,2,3.6,3,361,1
223.9,3.9,1,1,88.6,1,1,0.4,0,589,1
15.9,0.4,3,2,51.6,3,2,0.9,2,567,0
91.5,1.9,2,2,59.7,2,3,0.5,2,349,1
3.8,0.3,2,3,40.0,1,3,1.5,1,642,0
38.7,0.9,3,3,53.0,2,2,1.0,2,252,0
219.7,3.9,1,3,85.3,1,2,4.0,1,592,1
241.0,4.5,2,1,99.0,1,2,0.3,0,555,1
207.5,3.8,2,2,90.0,2,3,4.2,2,256,1
236.2,4.3,2,1,100.0,2,3,0.1,5,750,1
87.6,1.3,2,3,55.8,3,3,0.7,1,549,0
88.6,1.6,2,1,66.3,2,1,4.7,1,891,1
98.0,1.9,1,1,64.3,3,2,4.1,1,158,1
26.9,0.6,1,1,40.0,3,2,1.9,1,831,0
38.7,0.3,2,2,40.0,3,1,0.2,1,330,0
135.9,2.5,2,1,65.9,2,3,2.8,3,529,1
42.7,0.3,2,1,50.9,1,3,1.6,0,892,0
91.9,1.7,1,3,62.4,1,1,1.1,5,217,0
208.1,3.5,2,3,85.5,2,1,3.1,0,320,1
0.7,0.6,2,1,40.0,2,2,1.7,4,884,0
91.2,1.7,2,1,59.4,1,3,0.3,4,554,1
67.2,1.5,2,3,59.9,2,2,7.4,2,468,0
58.2,1.8,3,3,45.6,1,1,4.5,0,255,0
107.8,1.7,2,2,65.1,2,1,0.2,2,633,0
18.9,0.5,2,2,40.0,1,2,2.2,2,378,0
54.2,0.6,2,1,47.4,2,3,0.3,4,889,0
33.2,0.7,3,3,53.2,2,2,5.4,2,595,0
10.6,0.8,2,2,40.0,1,2,2.8,1,566,0
7.0,0.1,2,2,40.8,2,1,0.6,3,361,0
84.9,1.2,2,1,68.5,2,2,0.1,5,888,1
112.4,2.0,2,3,68.9,1,2,0.1,2,645,1
53.5,1.7,1,2,49.5,1,2,2.1,4,912,1
61.5,1.4,1,1,51.7,1,2,4.0,2,306,1
174.3,2.9,3,2,72.2,2,3,0.4,2,849,1
11.2,0.7,2,2,49.0,2,1,0.8,2,689,0
102.4,1.3,2,2,67.6,1,2,1.2,3,373,1
15.5,1.0,3,2,46.8,2,2,0.7,1,714,0
39.8,1.0,2,2,52.7,1,2,1.5,2,245,0
95.0,2.3,2,3,57.0,3,2,2.5,2,313,0
0.9,0.1,2,1,40.0,1,3,3.5,1,260,0
140.0,2.6,2,1,73.6,3,2,10.0,1,622,1
18.6,0.3,1,1,48.5,2,1,8.0,3,615,0
70.9,0.9,1,2,63.6,2,2,2.5,2,579,0
222.8,3.6,1,2,88.0,2,2,4.0,0,289,1
210.0,4.0,1,3,84.5,2,2,9.0,3,1000,1
25.1,0.7,2,2,44.3,1,2,0.3,4,893,0
2.7,0.5,1,2,43.9,2,1,0.1,2,190,0
95.2,1.6,1,3,59.5,2,2,0.1,1,273,1
99.9,1.8,1,1,61.7,2,2,2.5,4,545,1
223.3,3.6,1,3,93.3,2,2,4.3,4,554,1
214.0,4.4,2,1,84.0,3,2,1.4,1,635,1
115.8,2.1,3,2,72.4,2,1,2.4,0,645,0
114.0,2.3,2,2,68.2,1,2,2.2,1,258,1
18.3,0.6,1,2,40.0,2,3,0.3,2,872,0
168.2,3.6,1,1,74.4,2,2,1.2,0,565,1
86.3,1.3,1,1,48.9,3,2,0.1,2,376,1
34.6,0.9,2,2,46.6,3,2,0.4,1,346,0
104.2,1.9,1,3,60.4,2,3,5.0,4,634,1
16.2,1.0,2,1,47.7,1,3,5.3,1,548,0
27.5,0.2,1,3,41.6,2,2,4.9,2,515,0
200.3,4.1,2,1,86.0,2,1,3.9,5,962,1
10.4,0.3,1,2,45.1,3,3,4.7,1,396,0
179.0,3.4,1,2,80.7,1,2,3.3,1,812,1
0.9,0.1,2,2,45.9,1,2,3.3,3,712,0
184.9,3.8,1,3,91.0,1,3,3.3,1,595,1
66.8,1.3,1,2,55.3,2,2,2.2,3,908,1
143.0,2.1,2,2,73.5,3,1,1.4,0,534,1
143.7,3.0,2,1,67.2,1,3,3.9,0,211,1
217.5,4.3,2,1,82.8,2,2,1.1,4,787,1
49.6,1.1,1,1,56.1,2,2,2.3,2,652,0
184.8,3.0,1,2,85.2,2,2,1.7,3,596,1
74.8,1.0,1,1,51.3,1,2,1.0,1,923,0
186.9,2.7,1,1,74.6,3,1,11.0,0,657,1
111.9,2.2,3,1,61.4,1,2,0.9,3,595,1
97.2,1.3,2,1,60.7,2,2,1.1,1,684,0
183.9,2.7,1,1,78.4,1,3,0.5,2,559,1
31.8,1.0,2,3,47.8,2,2,5.2,0,279,0
125.4,2.5,1,2,72.2,3,3,2.6,1,855,1
64.0,1.0,3,2,56.4,1,3,2.8,3,342,0
123.9,2.2,1,2,69.9,1,2,5.2,3,656,1
5.9,0.1,1,1,40.0,2,1,1.3,2,877,0
233.2,4.6,2,3,83.2,2,3,0.6,2,230,1
194.2,3.3,2,1,78.7,2,2,0.7,2,362,1
70.3,1.4,2,1,52.3,1,1,4.0,2,256,0
4.2,0.1,1,2,45.1,1,1,2.9,3,580,0
56.4,1.4,1,1,48.0,2,3,0.7,1,846,1
84.0,1.3,1,2,61.8,1,1,0.5,1,614,1
35.0,0.2,1,1,43.8,3,1,0.4,4,262,0
201.4,3.5,3,2,78.3,1,2,3.0,0,635,1
16.9,0.1,1,2,40.0,2,3,0.1,0,572,0
184.4,3.7,1,1,91.9,1,2,0.1,2,327,1
123.2,2.1,2,2,63.1,1,1,1.5,3,554,1
68.3,1.7,1,1,58.5,2,1,3.5,2,361,0
70.4,1.4,2,2,47.7,2,2,3.6,1,875,0
81.7,1.8,2,1,65.1,1,1,1.7,5,305,1
23.3,0.4,1,2,46.9,1,2,3.5,3,241,0
61.7,1.6,3,2,54.9,1,1,2.2,3,899,0
107.4,1.5,2,1,65.7,2,3,11.3,0,542,0
8.7,0.2,1,3,44.5,2,2,0.5,1,298,0
106.2,1.8,1,3,67.4,1,1,2.8,1,852,0
210.3,4.3,1,2,83.3,2,3,2.0,0,592,1
218.9,4.5,2,2,84.9,2,2,0.6,0,323,1
246.0,4.5,2,1,94.4,3,2,4.2,1,531,1
76.8,0.9,2,2,60.3,3,3,1.0,2,898,0
56.2,1.2,3,1,52.0,1,2,1.4,2,620,0
232.7,3.6,2,1,95.1,1,2,1.4,3,320,1
42.4,1.3,2,3,52.4,1,2,0.8,0,696,0
38.1,0.5,1,2,47.3,2,1,1.7,1,563,0
72.6,1.3,2,1,47.2,3,1,1.9,0,900,0
38.0,0.5,1,1,45.8,2,3,4.1,1,387,0
115.5,1.8,2,2,74.1,1,2,4.3,1,531,1
145.9,2.9,1,1,73.8,2,2,0.5,2,185,1
21.1,0.3,1,1,41.4,1,2,2.7,4,627,0
78.7,1.4,1,1,58.6,1,3,6.8,3,952,0
248.4,4.2,1,2,98.0,2,3,0.3,2,194,1
237.1,4.6,2,2,89.0,1,2,1.9,4,284,1
70.9,1.6,1,1,61.8,1,3,4.2,2,549,1
215.3,3.8,2,2,89.8,2,3,2.8,3,615,1
211.8,4.3,1,1,81.1,1,2,0.3,2,298,1
92.5,1.6,2,2,64.6,1,1,1.5,2,665,1
56.2,1.3,1,3,50.3,1,1,2.1,3,833,0
40.3,0.2,1,2,48.0,3,3,15.0,0,619,0
113.8,2.2,2,3,60.0,2,3,0.6,2,631,1
227.8,4.0,1,3,93.3,1,2,12.1,4,303,1
159.1,2.9,1,2,74.3,2,1,1.4,3,800,1
95.7,1.8,1,2,64.4,1,2,0.7,0,321,0
150.0,2.8,1,3,70.2,2,3,1.6,1,263,1
66.2,1.4,2,1,51.2,2,3,2.9,3,213,0
45.6,0.6,1,1,46.3,3,1,0.7,5,618,0
234.2,4.5,2,3,93.5,2,2,1.0,1,938,1
119.4,2.6,2,2,62.9,3,1,5.8,3,269,0
36.6,0.2,1,1,47.0,3,3,15.0,4,942,0
200.4,3.4,3,1,81.5,3,2,1.1,0,942,1
10.9,0.1,2,2,44.6,2,1,0.5,3,599,0
83.0,1.1,2,2,49.6,1,3,4.7,1,930,0
13.6,0.1,2,2,44.2,1,1,2.8,2,349,0
73.9,1.7,2,2,64.9,1,3,0.3,2,326,0
49.3,1.4,2,2,57.0,1,2,8.8,2,786,0
45.5,0.9,1,2,46.9,2,2,0.2,3,474,0
97.1,1.7,1,2,63.8,2,3,2.9,1,353,1
8.6,0.4,1,2,43.4,3,2,1.7,4,566,0
120.7,1.4,1,2,73.9,1,2,2.4,3,875,0
3.1,0.1,1,1,40.0,1,2,0.7,3,694,0
232.1,3.4,1,1,96.6,2,1,3.5,2,263,1
227.4,3.8,1,3,88.7,1,2,9.6,0,593,1
31.4,0.3,2,1,43.2,1,3,1.8,2,901,0
14.2,0.8,3,1,40.0,3,3,2.2,4,289,0
155.6,1.9,3,2,67.7,2,3,0.8,0,367,1
85.3,1.4,1,3,55.7,2,2,6.7,5,581,0
129.5,2.6,2,1,63.1,3,3,10.6,3,636,1
126.3,2.4,3,1,68.7,2,3,4.6,3,304,1
161.0,3.4,1,1,78.4,2,2,2.3,2,348,1
119.1,2.2,1,2,64.9,3,1,9.4,2,231,1
233.3,4.4,3,1,98.8,1,2,0.5,3,187,1
229.0,3.5,2,1,87.6,2,3,2.0,1,301,1
1.0,0.1,1,1,40.0,1,2,2.3,3,558,0
46.6,0.2,1,3,47.9,1,3,2.0,2,673,0
1.6,0.2,1,1,43.3,3,1,4.9,3,596,0
30.1,0.7,2,1,50.1,2,3,3.3,3,611,0
150.9,2.9,2,2,75.7,2,2,0.4,0,285,1
57.3,0.7,1,3,52.0,3,2,1.3,0,567,0
214.2,3.6,1,2,80.4,3,1,1.2,3,303,1
56.0,1.1,2,3,50.7,3,1,2.5,1,351,0
68.4,1.0,2,3,62.4,2,3,1.0,2,284,0
70.6,0.9,1,1,60.6,1,3,0.4,1,881,0
203.1,3.5,3,2,86.2,1,2,3.2,0,340,1
21.4,0.2,1,1,42.8,2,1,5.7,0,816,0
41.8,0.5,1,2,49.1,1,2,8.0,3,359,0
57.9,0.6,2,1,50.8,2,1,10.8,2,560,0
113.4,2.2,1,1,70.9,2,1,4.6,2,947,1
45.7,1.4,2,3,45.9,3,3,0.5,4,315,0
99.8,1.8,2,1,66.6,2,3,5.8,0,196,0
11.7,0.3,2,3,40.0,2,1,1.5,1,901,0
16.3,0.5,1,1,50.2,1,2,3.9,3,666,0
241.8,4.5,1,1,95.3,1,2,2.3,3,285,1
100.1,1.5,1,3,58.3,1,1,5.3,1,289,0
103.0,2.5,2,2,61.1,2,1,1.7,5,862,1
10.2,0.1,2,2,45.8,1,2,0.2,4,960,0
49.1,1.1,2,1,48.3,2,1,2.4,0,577,0
136.8,2.7,2,2,70.2,2,2,0.6,0,390,1
245.9,3.8,3,2,91.5,1,1,10.1,3,958,1
224.1,3.9,2,2,98.1,1,2,2.2,1,367,1
34.1,0.6,1,2,57.2,2,1,2.4,0,604,0
7.0,0.2,1,3,48.9,2,3,7.1,3,576,0
209.4,3.9,2,2,85.4,2,3,2.9,2,324,1
53.2,1.2,1,3,49.7,2,3,1.1,2,678,0
129.6,2.4,1,2,64.6,2,2,1.1,0,989,1
15.0,0.4,2,2,51.0,3,2,2.1,2,807,0
81.9,1.5,2,1,62.7,2,2,6.0,2,435,0
141.8,2.2,1,1,76.1,3,1,4.8,1,313,1
228.8,4.2,2,3,89.1,1,3,9.9,1,339,1
128.5,2.6,2,1,59.5,2,2,0.2,2,255,1
32.4,1.0,1,1,40.0,1,2,0.9,4,552,0
25.7,0.7,1,1,45.9,1,2,0.3,4,528,0
243.6,4.9,1,1,91.0,1,2,4.2,1,385,1
4.3,0.2,2,3,40.0,2,3,0.5,3,266,0
182.6,3.6,2,3,81.9,1,2,0.3,3,295,1
49.7,1.2,3,2,56.0,1,2,2.5,3,585,0
112.6,2.0,2,1,61.3,3,2,1.6,2,549,0
200.4,3.9,1,2,77.6,3,3,3.8,0,590,1
5.6,0.1,1,2,40.0,2,2,2.0,3,604,0
30.7,0.7,2,3,41.5,2,2,1.7,0,662,0
154.5,3.0,1,2,77.0,3,1,1.7,0,547,1
205.6,4.1,1,1,85.2,2,3,6.2,2,271,1
85.5,1.8,1,2,68.2,1,2,1.5,5,628,1
84.1,1.9,1,3,62.2,3,2,1.2,1,302,0
29.7,0.5,1,2,55.6,2,3,1.2,2,303,0
226.5,4.0,1,2,82.8,2,3,0.7,1,851,1
54.7,0.9,1,1,40.0,2,2,5.9,4,339,1
73.3,1.4,1,2,57.3,2,3,0.5,2,671,0
41.9,0.1,2,2,49.8,3,1,7.2,1,666,0
107.6,2.4,2,1,63.1,1,3,1.0,1,290,1
165.6,3.0,1,2,76.9,3,2,6.9,1,171,1
22.5,0.3,2,1,40.0,3,2,4.7,0,612,0
183.6,2.5,1,1,83.2,2,3,2.6,0,305,1
39.0,0.7,2,1,52.3,2,3,3.3,2,249,0
17.7,0.3,3,1,40.0,1,2,1.2,1,859,0
38.0,0.4,2,2,46.6,1,3,2.6,3,550,0
230.6,4.0,2,1,89.3,1,1,1.0,0,314,1
6.1,0.1,1,1,40.0,2,3,1.5,2,259,0
149.2,2.5,1,3,67.0,2,2,4.3,1,608,1
91.2,1.9,3,2,60.1,1,1,0.8,0,419,0
113.9,1.8,1,2,66.4,1,2,5.5,2,291,1
207.4,3.8,1,1,82.6,3,2,1.4,0,542,1
80.0,1.9,2,2,52.1,1,2,2.3,3,227,0
114.9,2.1,2,1,67.3,3,2,8.5,2,617,1
69.3,1.4,3,3,51.4,1,2,3.4,2,700,0
247.9,4.6,1,1,93.0,2,3,3.1,0,255,1
86.2,1.6,3,2,56.8,1,2,3.7,1,192,0
198.0,3.6,1,1,89.8,2,2,7.5,2,685,1
141.7,2.4,1,2,67.6,2,2,0.9,2,726,1
109.0,2.0,2,2,72.6,1,1,2.8,0,338,1
5.6,0.1,1,2,45.0,2,2,1.5,0,322,0
22.5,1.0,1,1,54.1,2,2,0.1,1,903,0
117.7,2.4,2,2,69.2,2,2,0.4,2,334,1
38.5,0.2,1,3,47.4,2,2,1.2,0,932,0
149.9,2.2,1,3,68.4,1,2,2.5,2,314,1
90.1,1.6,1,1,58.0,2,2,6.4,1,252,1
98.5,1.7,1,1,69.1,3,3,4.7,2,614,0
58.0,1.0,1,3,52.5,3,1,2.4,1,295,0
72.9,1.6,2,2,59.3,3,3,0.2,2,260,0
66.7,1.3,2,2,55.7,1,2,1.0,0,314,0
48.6,1.0,1,3,51.9,2,3,1.4,0,876,0
91.4,2.2,2,3,61.5,2,2,2.9,1,303,0
82.8,1.0,1,2,60.7,1,2,0.2,1,623,0
10.5,0.2,1,1,40.0,3,3,2.3,1,630,0
42.1,0.6,2,1,47.9,2,1,7.0,3,577,0
70.7,1.8,1,2,57.1,1,1,3.7,4,623,1
97.7,1.0,3,1,62.3,1,2,4.8,1,334,0
217.9,3.2,1,1,85.6,3,3,3.4,3,349,1
92.0,1.8,2,1,62.3,1,2,0.7,2,315,1
7.3,0.5,1,1,40.0,1,2,0.4,1,330,0
161.1,3.2,1,2,69.3,2,3,5.3,5,279,1
17.6,0.1,1,2,45.3,1,2,3.6,3,429,0
166.1,3.5,2,2,70.5,3,3,2.6,5,897,1
44.8,0.4,2,1,51.3,2,2,0.6,0,956,0
14.5,0.7,3,3,40.0,2,3,2.8,0,276,0
74.5,1.0,1,1,52.8,3,2,0.1,2,319,0
117.9,2.0,1,2,64.3,2,2,0.4,2,317,1
83.9,1.7,1,3,50.4,1,2,1.1,0,326,0
112.4,1.5,2,1,62.9,2,2,1.8,4,258,1
14.6,0.8,3,2,49.1,2,2,0.4,2,919,0
246.0,4.3,1,3,87.8,1,2,0.4,1,276,1
94.6,1.8,2,1,59.1,2,1,3.9,2,341,0
5.0,0.5,1,2,49.6,3,2,2.5,2,256,0
193.7,3.2,2,2,77.3,2,2,2.3,0,915,1
93.3,2.1,3,1,67.5,3,1,1.8,5,899,0
131.3,3.0,1,3,67.5,2,2,11.3,1,693,1
108.0,1.7,1,3,64.3,2,2,0.2,0,656,1
6.1,0.6,3,2,47.8,3,2,0.6,4,369,0
221.4,3.4,3,1,86.3,1,2,3.1,5,261,1
1.1,0.2,2,1,43.4,1,3,0.4,3,581,0
52.6,0.5,2,2,56.0,2,2,2.7,4,900,0
4.4,0.4,1,1,40.0,2,2,2.5,2,357,0
64.0,1.5,2,2,50.3,1,2,10.6,4,319,0
77.3,2.1,2,2,55.9,1,3,6.4,0,563,0
218.6,4.5,2,2,87.1,1,2,8.7,3,265,1
84.6,1.5,1,2,53.2,2,3,0.4,2,660,0
190.4,3.1,1,1,78.7,3,1,6.1,0,320,1
211.3,4.0,1,1,69.2,3,3,0.4,2,303,1
242.7,4.4,1,1,91.7,2,2,3.0,2,598,1
25.7,1.0,1,2,50.1,3,1,3.8,2,945,0
233.5,3.5,1,2,83.0,2,2,0.5,0,247,1
9.8,0.9,1,2,40.0,1,3,3.0,3,303,0
38.2,0.9,1,2,60.6,1,3,0.2,0,306,0
204.7,3.4,2,3,84.9,2,2,1.0,1,538,1
83.8,1.8,1,1,65.2,1,1,7.6,4,890,1
21.6,0.8,1,1,40.0,2,2,0.6,2,414,0
229.7,4.2,1,1,92.8,2,2,0.2,1,258,1
100.3,1.2,1,2,56.2,2,1,1.8,0,906,1
111.7,1.9,2,1,66.6,3,2,5.7,2,496,1
79.3,1.8,1,3,61.7,2,3,0.2,5,593,1
11.0,0.4,2,2,45.4,1,2,1.3,4,246,0
50.5,0.9,3,3,49.4,2,1,6.9,3,282,0
100.3,2.3,2,3,63.4,2,2,0.4,0,621,0
190.8,3.7,2,1,83.4,1,3,1.1,1,544,1
226.1,4.4,3,2,93.1,1,3,4.5,0,612,1
66.4,1.1,2,2,54.0,2,2,2.4,1,261,0
73.8,1.2,1,1,60.9,3,3,5.4,1,533,0
97.7,1.2,1,1,68.7,2,3,0.4,1,949,1
242.8,4.3,3,2,91.8,3,1,7.6,2,852,1
163.5,3.3,1,1,76.2,3,2,8.2,1,279,1
171.0,3.0,1,2,73.1,1,3,0.5,2,571,1
54.1,1.1,2,2,53.6,2,2,0.1,4,611,0
26.4,0.9,2,1,47.5,2,1,13.8,2,902,0
82.1,1.6,1,2,58.4,1,2,2.0,3,892,1
169.4,3.2,2,1,77.9,2,2,2.5,3,865,1
34.2,0.1,1,2,57.1,2,3,2.9,1,887,0
16.9,0.2,2,1,40.0,1,2,4.7,0,315,0
233.0,4.8,1,3,88.8,3,2,5.0,0,606,1
108.9,2.0,1,1,62.2,2,3,0.6,1,656,1
180.3,3.9,2,1,87.0,3,2,0.8,2,338,1
52.1,0.7,1,1,53.8,1,1,6.3,4,355,0
137.0,2.6,2,1,72.6,3,3,5.1,5,368,1
9.6,0.1,1,1,48.4,1,2,2.9,0,909,0
170.5,3.3,1,2,76.6,1,2,15.0,5,343,1
225.2,4.4,2,2,92.8,2,2,4.0,1,917,1
233.7,4.5,1,1,88.8,2,1,0.7,3,666,1
83.5,1.9,1,1,53.1,2,3,5.6,0,512,0
11.9,0.2,1,2,51.6,2,2,1.6,0,284,0
100.1,1.8,2,2,63.9,1,2,0.1,1,621,1
35.1,0.1,3,1,50.9,2,1,1.2,4,628,0
210.7,4.1,3,3,81.0,2,2,4.3,1,299,1
46.2,0.9,1,1,52.7,2,3,9.7,0,817,0
106.5,1.9,1,2,72.3,2,3,1.0,4,591,1
49.4,0.8,1,1,49.5,3,3,0.8,4,341,1
52.0,0.9,2,1,45.2,2,2,2.5,0,884,0
74.4,1.3,1,3,57.3,2,3,5.0,3,305,0
42.1,0.6,3,1,44.1,3,2,4.1,1,696,0
48.8,1.0,1,2,42.9,2,3,2.5,1,591,0
31.0,0.7,3,1,43.1,1,3,3.0,2,292,0
223.7,3.8,2,2,86.8,1,2,0.8,1,610,1
76.2,1.2,2,3,51.8,2,2,1.7,2,612,0
48.9,0.8,1,1,57.4,1,2,0.9,2,607,0
70.1,1.3,1,3,64.9,2,2,6.5,2,320,0
240.3,4.3,1,2,96.0,1,3,0.4,3,240,1
108.0,2.2,1,2,65.7,1,1,3.4,3,294,1
129.9,1.8,1,2,67.9,2,1,0.9,1,839,1
31.4,0.1,2,3,42.4,3,1,1.9,0,303,0
148.0,2.8,1,1,80.6,2,3,1.1,2,630,1
87.1,1.4,2,1,58.8,3,2,1.2,3,893,0
105.6,2.2,2,3,60.9,3,1,0.9,2,853,0
210.2,4.2,1,2,91.3,1,2,4.2,2,878,1
47.1,0.9,3,1,50.0,1,2,1.4,1,990,0
249.5,4.2,1,2,99.8,2,2,3.9,2,372,1
111.9,2.4,1,2,62.6,3,3,1.8,1,273,1
98.0,1.9,1,1,66.6,2,2,2.4,4,273,1
65.3,0.7,2,1,59.3,3,2,2.4,2,295,0
86.4,1.1,1,2,65.6,1,1,11.2,1,662,0
149.1,3.2,1,1,69.3,1,1,1.4,2,212,1
193.8,4.0,2,2,82.2,2,2,0.7,3,572,1
19.1,0.1,1,3,53.9,2,2,7.3,1,321,0
184.0,2.9,2,1,79.2,1,2,0.6,2,315,1
13.5,0.6,3,1,47.0,1,1,5.4,2,579,0
48.1,0.9,3,1,62.0,1,1,0.5,3,287,0
37.7,0.9,1,2,40.0,2,3,3.2,0,617,0
65.0,1.2,1,2,52.9,3,2,0.5,2,879,0
120.0,2.4,1,1,66.4,3,3,7.7,4,847,1
142.9,2.6,1,2,62.4,2,3,2.5,5,291,1
59.4,0.9,1,1,50.8,2,2,1.2,2,909,1
10.2,0.6,1,1,40.0,2,3,0.5,5,194,0
223.7,4.1,3,1,93.5,1,2,1.4,2,620,1
54.9,1.2,3,1,43.4,1,1,3.7,1,349,0
62.4,1.2,1,1,63.2,1,2,1.5,2,282,0
163.6,2.8,1,1,79.4,3,2,0.8,0,883,1
90.8,2.2,1,3,54.7,3,2,2.6,1,263,0
21.6,0.5,1,2,49.9,2,2,1.6,2,892,0
26.0,0.3,2,1,48.7,2,2,0.5,3,272,0
67.7,1.7,2,1,54.7,1,1,0.5,3,972,0
19.5,0.1,3,1,40.7,2,1,3.7,2,906,0
118.2,2.9,2,1,68.7,2,1,11.0,1,493,0
232.9,4.2,2,2,91.9,2,1,0.8,0,629,1
5.0,0.1,2,1,40.0,1,2,4.5,1,686,0
18.1,1.0,1,1,40.0,3,2,0.3,2,925,0
25.7,0.3,2,1,41.4,2,1,1.4,1,360,0
104.3,2.0,1,1,60.4,3,3,2.1,1,634,1
67.1,1.5,1,1,60.6,3,3,0.9,1,350,0
62.8,1.6,1,2,58.1,3,2,2.3,3,347,1
8.4,0.3,1,1,40.0,1,3,6.4,4,348,0
52.0,0.7,3,2,49.4,1,2,8.7,2,616,0
232.9,4.3,1,2,96.2,1,1,0.3,1,814,1
68.8,1.1,1,3,56.5,1,3,1.0,1,246,0
116.3,2.2,1,3,66.9,2,1,11.6,0,546,0
72.6,1.9,2,2,52.5,2,3,0.9,0,474,0
209.6,4.1,1,1,85.5,2,2,3.5,0,578,1
101.4,1.9,3,2,62.3,1,2,0.9,0,971,0
63.4,1.4,3,2,53.5,3,2,1.3,0,228,0
41.5,1.0,2,1,52.8,1,2,0.6,1,336,0
160.0,2.5,2,2,79.0,1,1,5.8,0,326,1
5.5,0.1,1,3,40.0,2,2,6.4,2,911,0
109.0,2.9,1,2,61.5,2,3,1.1,5,959,1
177.9,3.7,2,1,75.7,2,2,5.2,4,298,1
30.9,0.4,1,1,53.7,1,1,1.3,0,376,0
246.9,4.3,1,1,100.0,2,2,0.3,1,590,1
208.4,3.6,2,1,83.5,1,3,4.3,4,617,1
122.3,2.5,1,2,66.1,1,2,2.7,0,593,1
93.9,2.3,3,2,64.9,2,2,1.0,3,854,0
70.9,1.5,1,1,52.1,1,3,0.9,2,833,0
17.2,0.4,2,3,48.1,1,2,11.1,4,929,0
70.5,1.1,2,1,55.4,2,2,6.0,4,667,0
33.3,0.7,2,1,40.0,3,3,5.0,2,312,0
138.2,2.2,1,2,63.9,3,3,0.4,2,626,1
165.0,2.3,2,2,74.6,2,2,4.2,1,522,1
193.5,4.1,3,2,88.7,1,1,0.7,0,319,1
23.2,0.1,1,3,40.6,1,3,11.4,1,196,0
72.3,1.2,1,2,53.2,1,2,0.2,0,540,1
168.4,3.3,2,3,78.1,2,3,1.3,0,667,1
206.7,4.3,2,1,77.1,2,1,1.7,1,601,1
52.6,1.0,1,2,53.1,2,2,5.2,4,305,1
6.0,0.1,3,3,40.0,2,1,4.4,0,628,0
43.6,0.7,1,2,52.4,1,3,1.4,1,340,0
69.8,1.0,1,1,51.3,2,3,2.5,1,586,0
71.5,1.3,2,2,51.0,1,2,5.4,2,615,0
25.0,0.9,2,2,46.9,2,3,0.1,0,897,0
105.8,1.0,3,1,67.2,2,1,4.9,5,823,1
37.4,0.5,3,3,50.1,2,1,8.8,2,582,0
230.7,4.0,1,1,91.8,2,3,0.1,2,621,1
61.6,0.7,1,1,54.7,2,3,0.1,0,581,0
5.4,0.3,1,3,43.1,1,3,1.3,2,281,0
163.8,2.5,2,2,78.3,1,3,0.3,3,639,1
15.1,0.1,3,1,41.4,2,2,2.0,1,608,0
37.2,1.0,1,2,51.5,1,1,3.9,1,618,0
69.2,1.8,1,2,51.2,2,3,2.5,0,219,0
88.3,1.6,1,1,64.9,2,2,0.7,5,922,1
53.2,0.5,2,3,55.6,3,2,3.2,0,245,0
85.9,1.3,1,2,69.8,3,2,3.5,4,299,0
58.2,1.4,1,2,55.4,1,2,8.1,1,847,0
148.7,2.7,2,2,77.3,3,3,0.5,2,947,1
227.8,4.1,2,2,82.3,2,1,3.5,2,391,1
107.3,2.1,2,1,68.3,2,3,7.3,0,893,0
249.6,4.5,2,1,100.0,1,2,2.1,1,292,1
119.8,2.7,1,2,73.9,3,2,1.3,1,652,1
76.2,1.1,2,3,57.4,1,2,0.6,0,629,0
223.8,3.8,2,1,87.5,3,2,6.0,3,596,1
202.4,3.2,3,2,79.1,1,2,1.5,0,618,1
136.9,2.3,1,3,65.1,2,2,7.8,2,401,1
21.0,0.1,1,1,44.5,2,2,5.6,1,266,0
119.8,2.3,1,1,57.6,1,2,1.4,0,571,1
132.2,2.4,1,1,65.2,1,1,2.6,2,340,1
51.2,0.6,2,2,51.7,2,1,0.1,2,1000,0
101.8,2.1,1,1,62.7,1,2,0.9,1,609,1
116.2,2.6,1,1,60.7,2,1,3.7,2,215,1
144.1,2.7,1,2,65.5,2,3,3.4,1,620,1
23.6,0.1,1,2,40.0,3,2,1.3,4,274,0
84.2,2.2,1,1,57.4,2,3,5.0,1,324,0
112.2,2.3,1,1,75.3,1,3,0.8,1,532,1
36.4,1.3,1,2,53.3,1,1,1.9,3,826,0
72.1,1.7,2,3,56.9,1,3,1.9,0,585,0
96.7,2.2,2,3,64.0,3,2,1.3,1,383,1
89.2,1.7,1,2,64.7,3,3,9.3,1,531,0
97.9,1.7,3,1,64.9,1,3,3.6,4,284,0
113.7,2.2,2,1,63.5,1,1,2.3,5,227,1
17.6,0.1,2,1,40.0,3,2,2.1,3,914,0
69.2,1.4,1,1,54.6,3,2,0.5,2,911,1
38.0,0.1,1,2,53.4,3,2,1.4,2,229,0
51.0,0.9,1,1,49.9,3,2,3.4,1,664,0
182.4,3.8,1,1,74.6,2,2,7.8,1,804,1
150.3,2.8,1,3,64.4,1,2,5.1,5,379,1
203.7,4.3,3,1,84.2,2,2,1.1,0,369,1
165.5,2.9,1,1,71.3,2,3,1.7,1,915,1
94.5,2.1,1,1,58.6,2,3,0.3,4,645,0
100.3,1.5,2,2,69.3,2,2,0.3,3,291,0
171.2,3.4,1,2,77.4,1,1,1.9,0,223,1
88.4,1.7,2,1,55.7,1,1,2.3,0,312,0
208.5,3.7,2,2,87.4,2,2,0.9,2,521,1
114.2,1.2,2,2,74.7,1,3,3.1,2,899,1
74.6,1.3,3,3,55.8,2,2,3.6,1,538,0
202.7,3.8,1,3,72.8,3,2,1.1,1,649,1
200.1,3.9,2,3,87.3,3,3,4.3,5,319,1
6.8,0.7,3,2,43.2,2,3,0.7,1,334,0
108.0,2.7,2,1,64.2,2,1,2.4,2,317,0
1.5,0.5,1,1,40.0,1,1,4.9,1,994,0
95.2,1.5,3,1,56.9,2,2,2.3,0,651,0
61.2,1.0,1,2,61.0,2,2,7.2,1,385,0
7.6,0.4,3,3,40.0,2,3,0.2,4,555,0
104.9,2.1,1,2,61.5,3,1,2.7,4,873,1
74.5,1.9,2,1,54.7,2,1,2.5,0,479,0
105.0,2.8,3,2,67.4,1,3,3.2,4,280,1
60.8,1.9,1,3,59.6,1,3,5.4,1,298,0
118.8,2.7,1,2,65.0,2,3,3.9,2,322,1
38.5,0.9,1,3,49.4,2,2,4.7,0,873,0
184.5,3.8,3,3,82.0,3,2,1.0,4,637,1
224.2,4.7,2,3,94.6,2,1,1.5,0,633,1
48.9,0.8,2,2,55.9,2,1,3.0,2,876,0
32.8,0.4,2,2,44.5,2,2,2.4,3,852,0
22.5,0.1,2,1,47.1,2,2,9.7,0,303,0
210.5,3.5,1,1,88.2,2,1,0.6,1,305,1
174.6,2.7,1,2,77.8,2,3,1.3,0,570,1
66.8,1.3,2,1,56.6,2,1,2.6,2,287,0
33.0,0.3,1,3,47.4,1,3,6.1,1,829,0
97.2,1.5,1,1,62.2,3,2,7.9,2,934,1
248.9,4.8,1,3,88.0,1,3,1.2,4,635,1
65.1,1.2,1,1,49.7,1,1,0.2,1,302,1
137.8,2.7,3,1,74.4,1,3,1.6,0,338,0
175.4,3.7,1,3,72.5,1,1,1.5,2,307,1
181.5,3.6,2,1,82.3,2,2,12.9,3,981,1
162.5,3.5,1,1,75.3,1,3,1.7,5,235,1
66.6,1.2,1,1,59.8,1,1,1.1,0,310,1
215.7,4.5,1,2,90.7,2,2,1.4,1,345,1
155.6,3.0,2,1,72.0,2,3,1.5,3,975,1
83.8,1.6,2,2,57.3,1,3,5.2,3,640,0
113.8,2.6,3,2,55.1,2,1,0.3,2,848,0
41.1,0.4,2,2,48.4,2,1,1.1,1,817,0
114.9,2.8,2,2,58.9,3,1,10.2,1,592,0
128.8,2.2,2,2,67.2,2,1,0.5,0,318,1
96.0,1.3,3,1,57.9,1,3,4.1,4,347,1
31.1,0.8,2,3,42.5,2,2,1.3,0,545,0
42.4,0.6,1,1,55.3,2,2,2.6,2,931,0
125.1,3.0,2,2,61.1,1,3,0.3,2,166,1
4.4,0.1,2,1,40.0,3,2,1.1,1,263,0
248.3,4.6,2,3,91.1,2,2,2.1,1,643,1
100.9,1.3,1,1,59.8,3,2,0.8,2,240,1
204.5,4.0,3,1,80.6,2,2,2.3,1,545,1
18.7,0.1,3,2,42.3,2,2,0.7,1,274,0
116.4,2.4,1,2,67.1,2,1,3.2,1,309,1
94.2,1.6,3,1,64.1,2,2,7.0,3,244,0
5.8,0.1,1,2,44.4,2,1,0.3,5,598,0
53.8,1.0,1,2,42.3,3,1,0.7,2,578,0
6.2,0.1,1,3,43.3,2,2,5.6,3,358,0
22.1,0.7,1,2,47.1,3,2,3.0,2,876,0
67.5,1.8,2,1,51.5,3,2,0.2,2,301,1
11.2,0.9,1,1,50.8,3,2,2.0,5,308,0
92.2,2.0,1,3,65.7,2,2,0.7,1,579,0
32.4,0.7,1,3,46.2,2,1,0.7,0,338,0
87.2,1.1,1,1,56.2,1,2,8.5,5,649,1
59.6,1.2,1,1,61.4,2,3,4.3,3,876,1
74.9,1.4,2,2,56.4,1,1,3.6,1,615,0
111.7,2.0,1,1,65.0,1,3,0.8,5,554,1
104.8,2.1,3,1,63.4,1,3,0.4,1,628,1
73.5,1.7,2,1,67.7,3,1,6.1,1,312,1
176.0,2.9,1,1,77.6,3,1,0.1,2,582,1
121.3,1.9,3,1,66.6,2,3,1.5,1,316,0
116.8,2.1,1,2,61.5,2,1,1.0,2,930,1
235.2,4.1,1,1,89.8,2,3,2.5,0,362,1
242.1,3.8,1,1,88.1,2,2,0.9,0,620,1
180.8,2.9,1,1,75.7,2,2,1.1,2,944,1
82.6,1.1,2,2,49.1,1,1,5.7,2,995,1
115.8,2.5,2,1,69.9,1,2,2.8,0,848,1
45.7,1.4,1,2,50.8,2,2,0.5,5,659,0
239.3,4.0,2,2,93.8,2,2,3.9,2,256,1
68.1,1.4,1,1,54.7,2,3,0.7,0,864,1
70.9,1.6,2,1,56.0,3,3,1.7,1,299,1
48.2,0.4,1,1,58.7,1,2,3.1,3,268,1
95.8,1.8,1,2,57.2,1,3,1.0,2,559,1
96.4,2.6,1,3,62.6,2,3,1.5,0,597,1
43.7,1.0,1,1,51.0,1,3,4.0,0,883,1
13.7,0.2,2,3,48.7,1,2,8.3,1,867,0
221.3,3.8,2,1,90.9,1,3,2.3,1,852,1
157.9,2.2,1,3,77.2,2,2,0.1,2,371,1
91.5,1.8,2,2,53.8,1,2,1.2,4,540,0
99.5,2.5,2,2,57.8,2,3,1.5,1,892,1
9.4,0.1,3,2,40.0,2,1,1.2,4,956,0
95.5,1.1,1,2,48.6,1,1,1.7,4,340,1
19.5,0.1,1,3,46.3,2,3,3.0,4,312,0
97.4,2.1,3,2,60.1,1,1,0.4,5,869,0
211.6,3.7,2,2,88.5,3,3,1.0,3,299,1
197.0,3.3,1,1,83.5,3,3,2.1,2,544,1
226.2,4.1,1,1,91.0,1,1,1.1,1,286,1
37.9,0.8,1,3,55.0,3,2,14.2,2,585,0
85.5,1.1,2,2,58.8,2,3,1.7,4,590,0
94.2,1.6,2,2,64.1,3,2,6.1,1,261,0
201.4,3.5,1,2,82.8,2,3,6.8,0,515,1
85.1,1.3,2,3,62.8,1,3,5.4,0,363,0
236.3,3.9,2,2,85.8,3,2,0.1,3,351,1
114.9,2.4,2,2,56.1,1,1,8.9,3,344,0
232.4,4.0,2,2,100.0,1,3,0.4,2,619,1
87.8,0.9,2,1,68.5,1,2,0.1,1,309,0
107.7,2.1,1,1,54.0,1,1,1.6,2,565,1
193.8,3.8,3,3,82.5,2,3,0.6,0,571,1
88.1,1.3,1,1,60.1,2,3,0.6,2,673,1
39.5,0.5,1,3,52.3,3,2,1.0,1,684,0
1.6,0.1,1,1,49.0,1,2,0.9,5,591,0
89.6,1.5,1,1,54.4,3,2,3.5,2,300,1
157.3,3.2,1,3,69.6,3,3,0.6,2,637,1
249.7,4.5,1,2,94.9,1,3,2.3,3,305,1
76.1,1.7,2,1,51.9,1,3,12.9,2,908,0
5.3,0.1,1,2,40.0,3,2,1.7,1,897,0
33.3,0.5,2,2,46.2,2,3,3.1,2,253,0
110.8,2.3,1,2,68.7,2,3,10.5,4,581,1
5.9,0.1,3,1,41.2,2,1,0.4,1,893,0
5.0,0.4,2,3,44.2,2,1,1.6,2,174,0
81.3,1.3,1,3,60.3,1,3,5.7,5,604,0
82.4,1.4,2,1,53.0,2,1,8.1,3,416,0
167.9,3.6,2,3,77.3,1,1,2.8,2,579,1
13.4,0.1,2,3,40.0,2,1,0.5,3,902,0
140.9,2.6,2,2,68.4,3,2,7.0,4,558,0
153.6,3.0,2,2,74.0,2,1,0.6,5,545,1
29.4,0.6,2,1,46.5,3,2,1.3,5,884,0
58.4,1.2,1,1,46.4,2,3,1.4,2,631,0
116.7,2.1,1,2,60.2,2,3,1.8,1,588,1
113.6,1.6,2,3,66.4,2,3,4.7,0,581,1
76.4,1.5,1,2,60.9,3,1,4.9,1,625,0
137.1,2.2,1,2,69.1,2,3,3.8,4,910,1
124.0,2.5,1,1,66.0,1,3,0.1,4,914,1
82.2,2.0,1,1,62.7,3,2,2.5,2,960,1
13.3,0.1,3,1,40.0,2,1,4.1,2,653,0
94.9,2.2,1,1,69.5,1,2,1.8,1,375,1
249.3,4.4,1,2,88.1,2,3,8.7,2,839,1
32.9,0.6,2,1,52.5,3,2,5.2,3,643,0
83.9,1.2,2,2,61.2,2,3,3.0,1,982,0
59.2,1.1,1,1,65.1,1,2,0.2,0,218,0
81.5,1.5,1,2,52.3,3,2,3.2,2,899,0
68.4,1.6,3,2,43.4,2,3,7.3,1,273,0
130.4,2.1,2,1,74.9,2,1,1.4,5,299,1
64.6,1.8,1,1,46.9,1,2,5.5,1,657,1
17.5,0.6,1,1,46.9,1,3,1.1,4,530,1
50.7,1.0,1,3,57.1,2,3,2.5,1,312,0
4.4,0.1,1,1,42.9,3,2,3.1,0,572,0
19.7,0.3,1,2,45.5,1,2,3.4,2,359,0
191.2,3.4,3,3,84.1,1,2,6.4,3,321,1
12.7,0.3,1,2,47.0,1,3,0.8,2,292,0
0.3,0.1,2,1,43.0,2,2,0.9,1,864,0
179.2,3.0,1,3,73.3,1,2,3.7,0,433,1
95.4,1.8,2,1,70.1,1,1,0.6,2,314,1
57.8,0.8,2,2,53.0,1,3,1.9,0,529,0
76.7,1.5,1,3,59.5,2,3,0.1,1,559,0
29.6,0.5,2,2,50.1,2,3,0.5,2,921,0
229.8,4.4,1,1,96.3,1,2,3.4,0,863,1
110.1,2.3,3,1,69.5,3,3,4.1,0,870,0
59.2,1.4,3,1,53.7,1,2,0.4,0,349,0
153.8,2.9,1,2,74.2,1,2,0.8,5,645,1
49.9,1.1,1,1,53.0,3,3,0.3,1,571,1
9.7,0.1,1,3,47.6,2,1,1.7,4,359,0
61.1,1.3,2,3,47.9,2,2,0.4,1,264,0
32.6,0.9,1,3,50.4,1,3,1.7,3,685,0
113.7,1.5,1,1,60.6,2,2,4.0,1,327,1
69.9,1.4,1,2,64.6,2,1,3.5,2,915,0
47.7,1.3,1,3,52.3,3,2,1.0,3,881,0
130.0,2.2,2,3,66.5,1,2,3.4,3,270,1
72.3,1.1,1,1,58.0,2,3,7.9,3,184,1
228.2,4.0,2,1,90.3,2,1,1.3,3,885,1
189.1,2.9,1,1,80.8,3,3,1.2,1,299,1
2.6,0.1,1,2,40.0,1,1,2.5,2,809,0
27.3,0.5,2,2,40.9,3,1,0.8,2,641,0
93.6,1.8,3,3,59.9,1,1,3.2,4,892,0
84.5,1.7,2,1,50.1,2,3,5.4,1,661,0
87.1,1.3,1,1,56.2,1,1,1.8,4,266,1
22.1,0.5,1,1,42.4,2,3,3.4,2,362,0
190.2,3.6,3,1,77.9,1,2,3.2,2,578,1
30.5,0.4,1,1,50.6,1,3,0.1,1,897,0
65.1,1.3,1,2,49.9,1,3,0.6,1,311,1
171.5,3.1,3,2,78.2,1,3,6.7,3,598,1
178.0,3.0,2,2,77.4,3,3,8.4,2,315,1
36.9,0.8,3,1,47.5,3,2,4.5,4,804,0
69.4,1.2,3,1,63.3,2,3,7.6,3,893,0
241.7,4.6,3,2,94.1,1,2,1.1,2,296,1
146.8,2.6,1,3,74.2,2,1,0.9,4,201,1
67.7,0.8,1,1,51.1,2,2,1.5,2,332,1
39.6,0.8,2,3,51.8,3,2,0.2,2,554,0
38.6,0.8,2,1,51.4,2,2,5.0,1,647,0
19.4,0.1,1,3,46.7,3,2,12.4,1,304,0
17.4,0.6,1,3,40.0,3,2,5.2,2,871,0
53.5,1.2,1,1,48.8,3,2,2.4,4,650,1
221.4,3.7,2,2,95.9,1,1,1.0,1,683,1
53.4,0.7,1,1,48.3,1,3,0.7,1,302,1
57.7,1.0,1,3,60.5,2,3,1.4,2,369,0
45.3,0.6,2,1,47.2,2,3,3.3,0,591,0
116.1,2.3,2,2,66.3,1,2,1.8,3,648,1
2.8,0.1,1,2,40.0,1,2,8.2,3,582,0
57.0,0.7,2,3,48.3,2,3,5.8,1,991,0
17.5,0.1,2,1,40.0,2,3,0.3,4,654,0
25.9,0.9,1,2,42.2,1,3,0.4,2,324,0
241.4,4.9,1,1,93.8,2,2,3.4,2,773,1
223.7,4.3,1,1,93.7,2,2,0.8,1,622,1
212.8,3.8,1,2,87.2,2,3,4.7,1,238,1
96.6,1.6,3,1,61.1,1,2,2.7,4,318,1
177.0,3.4,1,1,85.0,2,2,0.8,1,964,1
92.0,1.7,2,3,60.4,2,3,2.0,1,934,0
47.5,0.3,1,1,47.7,1,3,1.6,1,343,0
70.3,1.6,1,2,50.5,2,2,6.2,0,281,0
39.0,1.2,2,1,54.9,1,2,0.1,1,524,0
7.1,0.4,1,1,40.0,1,3,6.8,1,861,0
54.6,0.6,1,1,49.1,2,2,3.2,4,284,1
38.3,0.5,1,2,45.1,1,3,4.0,3,899,0
206.8,3.1,1,2,91.6,1,3,0.1,1,363,1
183.5,3.9,2,1,77.5,3,3,3.0,3,337,1
130.6,2.2,1,1,73.7,1,3,2.7,0,411,1
72.4,2.1,3,3,54.8,3,2,2.3,2,250,0
72.8,2.0,2,1,50.0,2,2,4.6,1,358,0
22.5,0.1,1,3,43.3,1,2,2.4,0,944,0
199.0,3.4,1,1,83.6,1,1,5.8,4,294,1
170.0,3.3,1,2,76.8,2,1,0.8,0,252,1
233.3,3.6,2,1,90.6,2,1,4.9,3,269,1
117.2,2.0,1,3,64.2,1,3,0.6,1,867,1
174.3,3.0,2,2,74.4,1,2,5.0,0,986,1
22.5,1.1,1,1,45.0,2,1,8.5,3,341,0
247.9,4.6,2,1,97.2,1,1,1.2,2,643,1
115.9,2.0,1,2,58.2,3,2,2.3,1,304,1
63.9,0.9,3,2,60.6,2,1,3.2,1,589,0
93.3,2.0,1,1,42.0,2,2,0.2,0,317,1
11.7,0.1,1,1,43.0,1,1,2.0,4,605,0
140.7,2.5,1,3,73.3,1,3,1.3,2,595,1
157.3,2.6,1,1,71.6,3,3,6.2,0,618,1
33.4,0.1,3,2,40.0,1,3,6.3,4,247,0
9.7,0.1,1,2,41.7,1,2,3.6,1,313,0
43.3,0.6,1,3,50.4,2,2,3.2,1,594,0
178.0,3.1,2,3,73.4,1,2,4.0,1,564,1
95.6,1.7,1,3,56.9,2,2,1.4,2,332,1
204.7,3.7,2,1,89.8,3,2,1.6,0,990,1
201.0,3.5,2,3,84.8,2,1,2.4,2,664,1
216.7,4.4,1,1,80.1,3,3,8.3,4,286,1
158.7,3.2,3,2,77.2,3,1,3.9,0,333,1
215.9,3.9,1,2,82.8,1,2,2.4,1,942,1
99.1,1.9,1,1,57.9,1,2,4.4,1,306,1
98.5,1.7,2,3,62.7,2,2,1.4,2,899,0
232.7,3.2,2,1,91.7,2,3,3.9,4,617,1
41.1,0.8,1,2,47.0,1,2,1.6,1,426,0
53.8,1.1,2,2,49.3,3,2,1.0,0,613,0
74.3,0.8,1,2,55.1,2,2,2.8,1,237,1
55.8,1.2,1,1,48.4,1,1,3.5,0,248,1
93.4,1.6,3,1,66.0,2,2,1.8,2,291,0
34.4,0.7,1,3,40.0,1,3,2.5,0,838,0
116.8,2.0,1,1,64.5,3,3,3.6,1,593,1
214.7,4.3,2,2,79.9,2,3,4.4,2,411,1
165.0,3.1,3,1,81.0,1,1,6.8,1,274,1
130.7,2.7,1,2,67.5,1,1,1.3,2,546,1
16.9,0.7,2,3,40.0,3,2,9.1,0,290,0
154.7,2.4,2,2,77.5,2,3,3.0,4,295,1
76.3,1.1,3,2,45.3,3,3,4.6,1,251,0
52.0,1.1,3,1,52.8,1,3,3.6,4,538,0
171.5,3.0,1,2,83.5,1,2,0.7,1,368,1
22.9,0.3,1,1,45.9,1,1,0.2,3,625,0
58.2,1.5,1,1,50.3,2,1,3.9,1,576,1
111.3,1.9,2,1,58.3,1,1,2.1,2,842,1
30.2,0.2,2,2,52.1,1,2,3.6,1,874,0
153.5,2.5,2,2,78.4,2,1,1.9,2,539,1
101.6,2.6,3,1,59.1,2,3,1.1,2,571,1
41.0,0.7,1,1,45.9,1,2,1.0,2,1000,0
138.5,2.0,1,1,76.4,2,2,3.9,2,612,1
92.2,1.1,1,3,62.9,2,1,1.0,0,569,0
200.7,3.4,1,2,75.2,1,1,3.8,1,334,1
4.2,0.1,1,1,40.0,1,3,1.5,2,853,0
105.7,2.3,1,1,62.1,1,2,4.4,0,280,1
195.7,3.9,2,3,84.3,2,2,0.5,1,207,1
53.6,1.0,3,1,51.8,3,3,0.7,1,664,0
155.1,2.7,2,3,71.6,1,2,3.5,1,890,1
19.5,0.5,2,1,45.2,1,2,2.5,2,559,0
2.4,0.1,1,3,40.0,3,3,0.7,2,932,0
85.1,2.2,2,3,75.8,3,3,7.0,4,848,0
74.7,1.6,2,2,57.0,2,2,1.0,1,551,1
60.7,1.4,2,1,53.3,3,2,1.6,4,581,0
44.8,0.4,1,1,59.1,2,2,0.7,2,540,0
96.2,2.2,1,1,54.3,2,3,1.5,4,867,1
25.2,0.3,1,2,45.0,1,2,2.0,3,590,0
231.1,3.9,2,1,86.1,2,3,1.0,2,895,1
34.5,0.6,2,1,50.8,1,3,4.4,1,234,0
54.3,1.0,3,2,49.5,3,3,1.5,1,288,0
210.3,3.4,1,2,89.2,3,2,3.9,1,329,1
42.2,0.5,2,1,51.8,2,1,0.7,5,637,0
9.0,0.1,3,1,45.9,1,2,1.4,5,875,0
184.6,3.0,1,3,83.2,1,3,0.1,3,291,1
67.6,1.1,1,2,53.8,1,2,4.3,4,288,0
59.2,0.6,3,2,46.0,1,1,2.9,4,230,0
68.2,1.0,1,2,60.0,2,1,5.1,2,573,0
67.7,1.6,3,1,61.9,3,2,1.8,2,340,0
58.5,1.4,3,1,48.2,1,1,4.8,1,341,0
223.5,3.7,2,1,92.8,1,1,3.1,1,921,1
42.1,1.1,2,3,43.4,2,2,0.1,0,167,0
23.2,0.1,2,2,46.1,1,1,0.9,1,561,0
244.2,5.0,2,1,95.8,3,1,2.0,2,623,1
47.9,1.3,1,3,48.4,1,3,2.9,1,686,0
30.2,0.4,1,1,47.1,1,3,0.2,4,299,0
190.1,3.6,1,3,86.1,1,2,3.7,1,905,1
124.8,1.8,2,3,66.9,1,1,2.4,0,594,0
0.7,0.1,1,1,40.0,2,3,2.2,3,235,0
178.7,3.2,1,1,73.2,1,2,1.0,2,318,1
142.6,2.3,1,2,69.4,2,1,2.7,1,224,1
68.9,1.1,2,2,49.3,2,1,0.1,2,896,1
197.5,3.4,3,2,81.6,1,1,0.2,1,604,1
141.3,2.2,3,3,68.8,1,2,4.0,4,302,0
43.8,0.5,1,2,53.7,2,3,1.2,2,235,0
133.6,1.9,3,1,69.8,2,3,1.3,0,865,1
94.6,2.0,2,1,73.5,3,2,0.7,2,934,0
142.1,2.3,2,2,61.2,1,2,1.8,4,604,1
208.8,3.4,2,1,87.5,1,2,0.2,2,565,1
71.4,1.6,1,2,53.5,1,2,1.1,3,846,1
246.3,4.6,3,1,89.4,2,1,2.2,1,640,1
21.5,0.7,1,1,44.6,2,2,1.9,4,602,0
72.4,1.6,1,1,55.4,3,3,15.0,3,243,1
46.8,1.5,2,2,55.7,2,2,1.5,3,891,0
178.8,3.2,1,1,79.8,1,3,1.5,1,260,1
129.4,1.8,1,2,65.0,2,2,2.1,4,315,1
69.2,1.4,2,2,56.9,3,2,0.6,2,963,0
113.6,1.8,1,2,63.8,1,1,6.3,4,546,1
172.9,2.8,2,2,72.4,2,2,2.5,1,908,1
249.9,4.6,2,1,93.7,3,3,0.6,0,607,1
30.2,0.9,2,2,47.8,2,2,4.7,1,793,0
234.5,4.0,2,1,92.0,2,1,0.1,2,342,1
135.7,2.9,2,2,71.5,1,1,12.1,2,705,1
235.5,3.9,2,1,89.2,2,2,6.0,2,307,1
35.5,0.6,2,2,49.4,1,2,2.6,2,368,0
107.0,2.1,2,3,64.1,2,2,0.4,3,237,0
0.4,0.1,2,2,40.7,1,3,0.7,0,564,0
248.4,3.9,3,2,94.8,3,3,1.0,1,304,1
22.3,0.7,1,2,55.8,3,2,0.8,4,557,0
18.3,0.1,1,1,49.6,2,1,2.1,2,302,0
53.8,1.2,3,3,53.3,1,1,8.7,2,350,0
54.5,0.5,1,1,48.0,1,2,1.8,2,556,1
97.1,1.4,1,3,59.9,2,3,3.3,2,952,1
51.5,1.2,2,2,59.4,2,3,3.5,0,204,0
184.4,3.5,1,2,77.8,2,2,6.2,2,572,1
225.0,3.9,1,2,88.7,1,1,0.1,5,890,1
197.0,3.7,3,2,82.2,2,3,1.6,2,554,1
214.3,3.6,2,2,89.0,2,3,4.6,0,572,1
128.3,2.4,1,1,66.0,2,2,5.1,3,370,1
89.1,1.7,3,2,60.5,2,1,7.9,1,662,1
81.5,1.4,3,2,55.9,2,2,3.6,0,336,0
120.8,1.9,1,3,73.1,1,3,0.8,4,652,1
200.5,3.7,1,2,80.7,1,2,2.1,0,869,1
55.5,1.0,2,1,57.1,2,3,0.1,4,539,0
19.4,0.2,2,1,41.3,1,1,3.1,1,260,0
80.2,1.1,2,2,53.4,2,1,2.4,3,867,0
20.4,0.4,3,1,41.0,2,1,3.3,2,570,0
202.1,3.5,2,1,75.9,3,3,8.0,1,926,1
35.0,0.3,1,3,49.9,2,2,3.5,2,616,0
166.9,3.0,2,2,70.9,1,3,1.2,5,291,1
57.7,1.6,1,2,50.9,1,1,0.7,3,594,1
232.9,4.1,2,1,95.0,3,3,5.8,2,655,1
141.3,3.1,2,2,74.7,1,3,0.6,5,235,1
30.7,1.3,1,1,40.0,2,1,0.5,1,639,0
42.2,0.4,2,2,50.8,2,3,0.7,0,494,0
16.6,0.3,1,1,49.4,1,2,2.1,0,572,0
187.6,4.1,1,3,78.1,1,1,0.4,3,376,1
39.1,0.7,2,2,51.2,2,2,8.3,3,615,0
164.2,3.0,1,1,70.4,3,3,10.2,2,277,1
16.9,0.1,2,2,45.6,1,3,10.9,4,646,0
72.5,1.1,1,2,56.6,3,2,0.1,2,330,1
197.1,3.8,2,1,86.7,2,3,8.8,1,328,1
245.5,5.0,2,2,97.0,3,2,15.0,0,290,1
78.1,1.4,2,1,50.4,1,3,8.6,4,348,0
55.7,0.4,1,3,52.9,1,2,3.3,0,568,0
19.2,0.1,3,3,51.5,3,2,3.6,2,865,0
48.2,0.9,1,1,40.0,3,2,0.4,1,694,0
43.5,1.2,1,3,54.4,2,1,6.2,1,575,0
70.3,1.5,1,1,63.5,2,2,0.2,2,798,1
6.7,0.3,1,1,40.0,3,2,1.1,1,953,0
220.2,4.5,3,3,85.1,1,2,14.2,4,968,1
205.1,3.5,1,2,87.7,2,3,1.6,1,288,1
59.1,1.1,2,2,48.6,3,1,0.4,2,495,0
59.2,0.9,2,1,59.8,1,3,10.4,3,897,0
149.9,2.6,1,1,78.3,1,1,12.4,2,1000,1
112.6,1.7,2,3,57.8,2,1,0.6,4,610,0
199.7,3.5,1,1,80.2,1,2,6.0,1,338,1
47.4,0.9,1,1,54.3,1,3,1.5,0,941,1
6.6,0.1,1,2,45.1,3,3,1.4,0,649,0
45.1,0.8,3,2,61.0,2,1,0.9,4,393,0
202.2,3.8,3,2,80.1,3,1,0.1,5,354,1
80.1,1.9,1,1,64.9,3,2,0.9,1,596,1
1.9,0.5,1,1,40.0,1,2,0.2,2,244,0
70.9,1.6,2,1,58.1,1,3,7.7,0,321,1
90.2,1.2,1,3,64.3,1,1,3.3,0,890,0
104.6,1.8,3,1,48.0,1,2,6.5,2,336,1
45.3,0.7,2,2,54.5,2,3,3.8,0,557,0
240.6,4.1,1,2,99.9,2,3,0.4,2,885,1
150.9,2.9,2,3,78.7,2,2,8.5,2,601,1
61.2,0.6,1,3,63.7,1,1,6.9,3,253,0
14.5,0.9,3,1,48.0,1,1,1.3,2,602,0
124.0,2.7,3,1,64.6,2,2,0.4,2,339,1
146.0,2.8,1,2,78.3,2,2,3.7,2,396,1
232.1,4.2,1,1,88.1,1,3,3.9,0,563,1
19.9,0.8,3,2,44.8,2,3,6.8,3,945,0
133.9,2.7,3,2,73.6,1,2,0.2,0,501,1
0.7,0.4,1,3,42.4,1,2,0.5,0,300,0
243.5,4.4,2,1,100.0,2,2,2.7,2,604,1
71.2,1.9,1,3,68.1,1,1,2.9,4,341,0
41.8,1.2,1,1,43.5,2,1,0.1,0,574,0
79.3,1.6,3,2,55.8,1,2,1.5,0,312,0
23.9,0.9,1,1,46.8,1,1,2.6,0,955,0
103.3,1.7,3,2,60.4,1,1,4.0,1,244,1
148.8,2.3,1,1,72.4,3,1,1.1,2,202,1
127.8,2.4,2,3,72.0,2,1,2.0,0,654,0
17.1,0.3,1,3,47.0,3,1,5.0,3,250,0
96.3,1.7,2,3,62.4,2,2,9.2,3,623,0
141.7,3.0,2,1,71.9,2,2,0.8,2,998,1
192.2,3.6,1,3,81.2,1,2,0.9,2,342,1
19.0,0.4,2,2,51.2,1,2,8.4,1,251,0
167.6,2.9,1,1,85.2,1,3,1.5,1,827,1
113.8,2.4,1,1,70.1,1,1,3.8,2,561,1
48.4,1.1,2,1,44.9,2,2,2.8,0,909,0
59.2,1.4,1,1,51.7,1,1,1.0,2,288,0
152.0,2.6,2,2,74.4,1,2,3.2,1,368,1
84.9,2.0,2,3,54.0,1,3,3.2,1,333,0
73.7,2.0,2,1,56.6,2,3,2.7,1,263,1
42.8,1.1,1,2,49.5,2,2,0.3,0,642,0
51.6,0.7,1,3,56.8,3,2,15.0,4,375,0
225.9,3.8,1,1,87.2,1,2,1.5,0,584,1
246.6,4.4,2,3,100.0,1,1,3.1,4,324,1
234.9,4.1,2,2,86.9,1,2,6.5,2,856,1
111.0,2.0,2,2,60.3,3,2,1.7,4,293,1
205.7,4.0,1,1,83.4,1,2,4.5,2,255,1
196.7,3.7,1,2,83.5,2,1,10.7,4,662,1
77.7,1.5,1,1,45.0,2,3,1.3,1,275,1
41.7,0.7,1,2,51.5,1,1,1.6,2,622,0
216.0,3.9,1,1,96.1,1,1,7.1,0,632,1
233.1,4.5,1,3,94.5,1,2,0.5,1,1000,1
61.6,0.4,1,1,52.5,3,2,0.1,2,587,0
150.7,2.7,1,1,67.7,2,3,7.2,2,561,1
60.8,1.2,1,2,44.3,2,2,5.2,1,896,0
246.7,4.8,1,1,86.1,2,3,10.8,0,857,1
1.5,0.1,1,2,40.0,2,2,0.2,2,576,0
147.4,2.3,1,3,83.0,2,3,0.5,2,636,1
234.2,4.5,2,2,77.9,1,3,0.3,0,566,1
148.6,2.0,1,1,76.2,1,2,3.5,4,328,1
68.5,1.7,1,2,51.7,1,2,2.8,5,930,1
46.3,0.9,1,2,48.5,2,3,1.3,4,612,0
32.1,1.1,1,3,42.4,1,1,0.2,3,333,0
60.3,0.7,1,1,46.4,2,2,3.1,0,285,1
51.1,0.8,1,2,51.9,1,1,2.5,5,200,0
233.2,3.4,2,2,92.6,3,1,0.4,1,303,1
44.4,0.5,1,1,53.1,1,1,7.2,0,304,0
173.2,3.1,1,1,69.7,1,2,0.7,3,581,1
68.4,0.6,3,1,59.4,3,2,4.1,1,332,0
30.6,0.4,1,3,51.2,2,2,6.5,2,638,0
181.7,2.6,1,3,82.1,3,3,2.6,0,311,1
115.6,2.0,3,2,63.3,1,2,0.9,2,305,1
221.7,4.4,2,1,90.3,1,3,1.1,2,661,1
195.2,3.5,1,1,82.1,2,3,6.5,1,846,1
114.0,2.7,1,3,69.9,3,3,1.1,0,583,1
124.8,2.5,1,3,65.6,1,3,4.1,2,650,1
242.6,4.9,1,3,93.9,3,3,13.9,2,627,1
20.3,0.1,2,2,40.0,2,3,15.0,1,288,0
144.1,2.3,1,1,73.2,3,1,2.3,4,320,1
164.4,3.1,1,3,72.4,1,2,5.3,1,273,1
80.7,0.9,3,1,60.3,1,3,13.9,4,608,0
83.9,1.7,3,1,62.4,3,2,1.4,0,634,0
29.7,0.4,1,2,43.5,3,3,0.9,1,665,0
175.3,3.7,2,1,78.7,2,3,0.4,0,333,1
160.3,3.2,1,1,76.1,1,2,0.5,1,968,1
149.5,3.1,3,1,74.7,1,3,5.8,0,228,1
53.4,0.7,1,1,55.7,2,1,2.7,1,189,0
22.2,0.8,1,3,48.2,1,2,6.2,1,191,0
205.2,4.2,1,1,83.2,1,2,4.7,1,656,1
213.5,3.9,1,1,95.0,1,1,3.4,2,330,1
29.8,0.3,1,1,50.3,2,2,2.8,5,564,0
209.6,3.6,2,1,93.1,1,2,0.1,1,881,1
59.4,1.5,2,1,54.8,2,1,6.2,3,317,0
215.1,4.9,1,2,89.4,2,3,1.6,3,564,1
155.5,2.5,1,1,73.6,2,2,2.5,2,259,1
162.1,2.6,1,2,73.4,2,2,0.1,4,267,1
89.9,2.0,3,3,64.7,1,1,8.3,5,263,0
22.6,0.1,3,2,46.3,2,3,7.0,1,902,0
166.7,3.4,3,1,76.0,3,3,2.4,2,683,1
69.1,1.4,3,1,50.1,2,1,2.6,2,850,0
222.7,4.0,1,3,96.8,3,1,3.7,1,296,1
29.5,0.7,1,2,47.1,2,3,0.9,1,923,0
23.3,0.6,2,3,40.0,2,2,0.8,4,927,0
114.4,2.0,3,3,65.6,1,1,3.4,3,575,0
48.5,0.3,1,3,49.7,2,2,0.3,0,931,0
37.8,0.7,1,3,47.1,2,2,1.8,0,321,0
233.2,4.8,2,2,94.2,1,3,2.0,4,577,1
109.0,1.4,1,1,63.0,2,1,1.4,0,532,1
7.1,0.1,1,3,40.0,1,2,0.6,2,543,0
80.7,1.6,2,2,64.6,2,1,1.3,1,937,0
242.7,4.4,1,1,84.7,2,3,1.2,0,371,1
133.3,2.6,1,2,69.1,2,3,2.1,0,300,1
115.3,1.9,2,2,70.0,3,3,3.4,1,370,1
29.6,0.9,2,3,49.6,1,2,10.3,0,897,0
126.7,2.3,3,2,73.0,1,2,0.5,2,843,1
53.7,1.2,1,1,61.9,1,3,6.2,2,590,0
232.8,4.3,1,3,99.7,3,1,1.0,1,675,1
124.0,2.3,2,3,61.5,2,3,2.7,3,570,1
2.2,0.3,2,2,40.0,2,1,2.4,2,593,0
33.0,0.7,1,1,48.9,1,2,2.4,1,359,0
226.3,3.7,2,1,83.0,2,2,3.9,1,656,1
231.8,4.6,1,2,81.4,1,3,1.4,1,615,1
75.1,1.7,1,1,58.1,2,3,1.2,5,627,1
173.1,2.4,1,1,80.9,3,2,5.7,2,353,1
87.8,1.4,1,2,67.9,2,2,0.7,1,915,1
2.7,0.4,1,2,44.4,2,3,0.6,3,964,0
126.8,1.7,2,1,77.5,2,1,0.1,1,634,1
16.8,0.6,2,1,45.5,2,3,0.7,0,593,0
2.7,0.1,3,1,40.0,2,2,2.2,2,622,0
197.6,4.1,1,2,87.6,2,2,2.3,3,581,1
77.0,1.4,1,1,63.6,1,1,0.9,1,252,0
210.5,3.6,1,1,88.3,1,2,0.2,4,843,1
76.1,1.5,1,2,64.0,2,2,4.1,1,590,0
35.9,0.6,2,3,47.3,2,1,4.3,1,616,0
90.7,1.4,2,2,62.7,1,1,15.0,5,690,0
208.8,4.6,2,1,85.1,2,2,6.9,2,621,1
56.8,0.7,1,1,64.4,1,2,7.8,3,910,0
76.6,0.6,1,3,61.1,1,3,4.8,3,595,0
39.8,1.3,1,1,43.2,2,1,2.9,4,882,0
26.3,0.3,1,2,55.0,2,2,0.4,0,607,0
143.5,2.5,2,1,67.9,2,2,2.9,1,886,1
27.9,0.4,3,1,46.2,2,2,0.2,3,884,0
25.5,0.3,1,3,48.0,3,3,6.5,2,341,0
205.4,3.5,2,2,87.9,2,2,2.0,2,855,1
165.6,2.7,2,2,78.9,1,3,3.6,0,588,0
52.3,1.0,1,1,45.8,1,2,0.2,1,866,1
9.8,0.1,2,1,44.6,1,2,2.3,2,606,0
147.7,2.9,1,2,78.0,3,2,1.1,1,343,1
64.9,1.3,1,2,59.6,1,3,1.0,1,317,1
143.5,2.3,2,1,65.1,1,3,1.5,0,589,1
243.7,4.5,3,1,90.3,1,2,0.1,0,947,1
68.4,1.1,1,1,49.8,3,3,1.9,3,644,0
208.4,3.4,1,3,87.5,1,1,2.0,3,302,1
28.4,0.8,3,2,40.0,3,3,6.0,0,680,0
192.8,3.5,2,3,76.8,1,1,1.8,1,621,1
11.8,0.1,2,1,40.0,1,2,1.4,2,320,0
7.1,0.1,1,3,40.0,1,1,15.0,1,240,0
125.1,1.9,3,1,67.4,3,3,2.5,3,216,0
8.5,0.9,1,2,40.0,3,3,1.9,3,303,0
136.3,2.6,2,3,72.4,1,3,2.1,4,350,1
69.0,0.9,1,1,53.2,1,3,5.0,2,316,0
3.1,0.2,2,1,40.0,2,2,1.2,1,948,0
43.7,1.2,1,1,47.3,1,3,1.5,2,279,1
53.3,1.0,1,1,51.4,1,3,4.2,0,304,1
22.6,0.9,1,2,47.9,1,2,0.2,0,301,0
83.0,1.0,1,2,64.8,1,1,6.0,0,510,0
80.8,0.8,2,2,62.8,1,2,1.7,1,689,0
102.2,1.9,3,2,73.6,1,3,2.6,1,360,0
108.6,2.1,3,2,67.3,1,3,4.2,0,646,0
137.1,1.3,1,1,70.9,3,3,0.9,2,664,1
3.5,0.1,2,1,40.0,1,3,6.6,5,277,0
186.6,3.0,2,3,78.9,2,3,11.6,0,640,1
100.7,1.3,1,1,64.8,1,3,2.0,2,577,0
0.3,0.1,1,2,40.0,2,3,8.3,0,307,0
39.5,0.9,2,1,49.8,1,2,0.1,4,513,0
90.2,1.3,3,2,59.7,2,2,6.7,1,893,0
179.1,2.9,2,2,75.8,1,2,1.1,4,523,1
205.6,3.2,1,1,80.0,3,3,1.1,1,237,1
71.1,1.7,2,1,68.3,1,2,0.8,3,897,1
238.2,4.5,1,2,85.4,1,1,1.1,1,565,1
32.6,0.1,2,1,46.8,3,1,0.7,1,317,0
93.7,1.4,2,1,66.7,2,2,7.1,0,684,0
191.6,3.7,1,2,84.8,1,2,6.9,1,569,1
221.0,4.5,3,1,86.3,3,2,0.3,3,887,1
31.9,0.9,1,3,41.1,1,1,0.5,2,333,0
88.9,1.5,3,2,60.2,1,2,5.9,1,267,1
190.4,2.8,1,1,68.7,3,1,1.5,5,564,1
243.5,4.7,1,2,94.4,1,2,0.6,2,878,1
3.4,0.1,1,2,40.9,3,2,2.1,5,344,0
120.6,2.2,1,1,71.9,1,2,1.6,0,812,1
92.0,1.6,1,1,54.5,2,2,0.7,4,558,1
8.4,0.1,2,1,40.2,2,2,3.8,0,977,0
214.5,4.0,2,1,89.4,3,3,3.0,2,445,1
109.3,2.1,2,1,65.1,2,2,0.3,1,294,1
112.1,1.9,1,1,57.9,1,1,7.8,2,676,1
248.3,4.7,2,1,91.4,2,1,2.5,2,995,1
5.1,0.1,1,2,48.1,1,2,0.9,1,340,0
57.0,0.9,2,2,53.8,2,1,0.7,5,659,0
127.5,2.3,1,2,59.7,3,1,0.4,5,253,1
69.1,0.6,3,2,59.6,2,2,1.7,5,257,0
94.0,1.7,2,3,52.7,2,2,0.4,5,986,0
89.9,1.9,2,2,58.2,1,2,1.6,3,287,1
241.2,4.3,1,2,95.9,2,3,0.5,5,806,1
176.5,3.2,1,1,84.9,1,1,3.2,4,621,1
40.4,0.9,1,3,40.0,2,3,4.6,1,890,0
85.4,1.4,3,1,62.3,1,1,2.4,3,304,0
119.2,2.1,3,1,70.5,2,2,3.4,4,181,1
81.4,1.1,1,2,55.1,1,1,8.4,3,168,0
102.8,1.9,2,1,63.1,2,3,3.1,1,915,1
64.8,1.1,2,1,40.0,1,2,1.4,0,585,0
200.2,3.8,2,2,70.3,3,1,1.8,3,277,1
246.1,4.7,1,2,99.7,1,2,5.9,5,920,1
27.3,0.8,1,2,43.3,2,1,0.4,1,861,0
94.3,1.5,1,3,59.0,1,3,1.2,0,887,0
87.5,0.8,2,1,60.4,2,2,2.6,1,278,0
57.2,1.3,1,1,50.8,1,1,3.4,2,344,1
155.4,3.0,1,2,71.9,2,2,4.3,1,506,1
93.1,1.5,3,1,62.5,1,1,1.1,2,568,0
2.2,0.2,2,2,40.0,2,2,0.5,5,354,0
62.2,0.6,3,1,59.5,1,2,9.3,2,258,0
203.0,4.1,1,2,83.5,1,2,0.2,1,906,1
128.8,2.2,1,2,63.3,2,3,0.3,4,383,1
234.3,4.0,3,2,85.8,1,2,2.0,2,608,1
108.8,1.8,1,2,64.1,1,3,5.1,0,707,0
74.2,1.3,1,2,54.8,3,2,4.5,2,670,0
11.1,0.2,1,1,40.0,3,1,8.3,2,567,0
178.3,3.3,1,1,76.2,2,2,0.5,3,537,1
93.9,1.6,1,1,56.6,1,3,1.4,4,270,1
198.4,3.7,3,1,90.0,1,2,1.0,1,919,1
125.5,2.3,3,1,68.3,2,1,5.9,0,317,0
103.9,1.7,3,2,70.7,1,1,2.0,0,933,0
14.4,0.1,1,1,40.0,3,3,0.1,3,554,0
79.7,1.7,1,2,56.1,1,2,3.7,3,561,1
75.5,1.6,1,3,58.5,3,2,1.5,1,328,0
1.4,0.1,3,1,43.3,2,1,2.3,1,400,0
129.8,2.7,1,1,72.2,2,3,6.7,5,545,1
42.5,0.1,2,1,44.9,1,3,0.9,4,296,0
35.6,0.4,2,2,43.5,3,1,0.8,1,882,0
122.8,1.8,1,1,65.2,1,1,0.9,3,907,1
229.8,5.0,1,1,98.0,2,3,1.2,2,240,1
110.5,2.3,3,2,59.3,3,3,0.3,0,304,1
124.1,2.2,3,1,64.7,1,2,3.6,1,661,1
165.2,3.3,1,2,80.0,2,3,0.7,0,819,1
99.2,2.2,1,2,65.2,2,2,7.8,1,650,1
205.5,4.1,3,2,88.0,1,1,0.7,2,240,1
176.6,3.5,1,1,79.3,2,3,0.9,1,613,1
105.3,1.8,1,3,57.8,1,2,1.1,1,324,0
162.3,2.8,1,2,72.3,1,3,4.4,2,319,1
211.9,3.5,2,1,92.3,2,1,1.7,0,283,1
233.3,4.4,1,1,95.2,2,2,5.1,3,633,1
196.1,3.5,1,1,76.5,1,3,4.6,1,237,1
218.6,3.8,1,3,92.4,3,2,8.0,2,646,1
48.5,0.7,2,3,57.2,3,2,4.2,5,877,0
99.9,2.3,3,2,62.2,2,3,0.2,1,616,1
12.9,0.6,2,3,45.0,2,2,5.4,2,582,0
48.8,1.5,2,1,55.8,1,2,8.3,1,377,0
121.5,2.4,2,1,63.3,2,3,15.0,4,622,1
4.7,0.1,1,3,52.7,2,1,0.4,3,333,0
70.0,1.3,1,2,61.5,1,3,2.9,1,639,0
14.3,0.1,3,2,45.8,2,3,0.7,2,288,0
75.6,0.9,1,2,56.5,1,2,0.9,0,314,0
219.9,4.2,1,3,90.9,1,2,4.1,5,308,1
184.5,3.0,2,2,72.8,2,3,11.4,1,332,1
152.1,2.8,1,3,83.9,2,1,2.7,3,578,1
131.4,2.8,1,2,74.6,2,2,5.7,1,565,1
37.6,0.5,3,1,55.6,2,2,0.1,2,359,0
143.4,3.3,3,3,71.7,3,2,0.1,5,639,0
28.3,0.2,1,1,44.4,2,2,2.7,4,558,0
79.6,1.8,3,3,54.1,2,3,1.5,0,695,0
67.7,1.4,2,2,59.0,1,3,6.6,2,871,0
57.0,1.5,2,2,50.0,1,2,1.1,1,306,0
77.1,1.0,1,2,56.0,1,2,1.7,1,358,0
177.7,4.0,1,1,81.8,2,2,2.3,1,658,1
15.0,0.2,2,1,40.0,2,1,1.0,1,865,0
186.0,3.6,3,3,86.1,1,3,7.2,2,626,1
1.8,0.5,2,3,40.3,1,3,1.9,0,884,0
190.4,3.3,1,1,74.3,1,3,1.7,2,921,1
67.0,1.5,1,3,51.4,1,2,5.7,1,594,0
11.3,0.1,2,3,49.0,3,2,1.1,1,580,0
5.7,0.6,1,2,40.0,2,1,5.1,3,552,0
230.4,3.9,2,1,95.2,1,2,0.4,0,659,1
83.4,1.5,1,3,59.0,2,2,0.6,1,563,0
174.8,3.3,1,2,77.6,2,3,9.0,1,673,1
95.0,2.0,2,3,73.5,2,3,5.5,2,585,0
57.8,1.7,2,3,46.3,1,3,1.5,2,324,0
57.7,0.9,1,3,49.0,2,3,3.1,1,977,0
87.7,2.0,1,2,59.2,1,1,8.6,1,578,1
16.8,1.0,2,1,55.8,3,2,0.7,4,924,0
58.2,1.1,1,1,52.7,2,1,0.2,5,625,1
80.9,1.3,2,1,59.2,2,2,2.3,0,267,0
90.4,1.0,3,1,58.2,1,2,0.5,2,311,0
45.1,1.5,1,2,51.7,1,3,0.6,1,937,0
205.6,3.7,3,2,83.9,1,2,6.7,1,385,1
227.2,3.8,1,3,93.5,3,1,0.1,1,879,1
2.4,0.1,2,1,44.4,1,1,5.1,2,317,0
211.7,3.5,1,2,85.4,1,1,2.2,0,894,1
108.4,2.3,3,1,58.2,3,1,2.5,4,910,1
23.4,0.8,1,1,45.6,2,1,3.3,2,870,0
36.7,0.9,1,1,55.1,2,2,1.7,1,292,0
224.9,4.1,3,2,85.3,1,3,0.4,3,676,1
26.5,0.1,2,1,47.5,2,2,0.3,0,306,0
103.3,1.6,2,2,56.7,1,2,4.2,1,304,0
32.7,0.2,1,1,42.0,2,1,0.7,1,257,0
4.7,0.3,2,3,47.5,1,3,0.1,1,655,0
125.2,1.9,1,3,71.0,2,2,11.7,1,342,1
10.4,0.1,1,3,44.0,2,3,11.8,0,906,0
109.8,1.9,2,3,52.5,2,3,1.4,0,395,0
2.1,0.1,1,3,40.0,2,3,0.1,0,273,0
75.1,1.4,3,3,59.6,1,1,3.9,5,248,0
148.5,2.7,3,2,65.4,1,2,5.3,0,895,0
61.9,1.5,2,1,51.8,2,1,0.4,0,258,0
188.4,3.1,2,1,85.3,2,1,0.4,5,912,1
38.2,0.2,2,1,40.8,3,1,5.2,2,604,0
140.6,2.4,1,2,62.5,2,3,7.6,2,958,1
58.2,0.7,2,2,45.3,2,3,4.7,0,277,0
66.1,1.2,1,3,56.2,3,1,0.7,2,617,0
133.9,1.8,1,3,66.7,1,2,1.6,0,609,1
218.9,3.8,2,1,92.5,2,3,2.8,2,942,1
62.2,0.8,2,2,54.3,1,2,0.5,5,543,0
54.4,1.2,3,3,61.4,1,2,0.7,2,855,0
172.5,2.9,1,1,71.8,2,2,1.0,1,271,1
91.1,1.0,2,2,61.7,2,3,2.1,2,546,0
