Timestamp,Sensor_ID,Location,Water_Level_cm,Temperature_C
2026-08-20 17:50:50,SENS_CAMP_1,Campus_12_Labs,4,31.28
2026-08-20 18:00:50,SENS_CAMP_2,Campus_12_Labs,1,29.67
2026-08-20 18:10:50,SENS_CAMP_3,Campus_12_Labs,2,29.88
2026-08-20 18:20:50,SENS_CAMP_1,Campus_15_Main,0,30.68
2026-08-20 18:30:50,SENS_CAMP_2,Campus_6_Hostel,4,27.83
2026-08-20 18:40:50,SENS_KSAC_2,KSAC_Ground,1,26.42
2026-08-20 18:50:50,SENS_KSAC_2,KSAC_Ground,2,34.33
2026-08-20 19:00:50,SENS_CAMP_3,Campus_12_Labs,0,30.38
2026-08-20 19:10:50,SENS_KSAC_3,KSAC_Ground,1,35.36
2026-08-20 19:20:50,SENS_CAMP_1,Campus_6_Hostel,3,29.44
2026-08-20 19:30:50,SENS_CAMP_1,Campus_12_Labs,0,29.84
2026-08-20 19:40:50,SENS_CAMP_2,Campus_15_Main,0,31.68
2026-08-20 19:50:50,SENS_CAMP_1,Campus_6_Hostel,1,26.60
2026-08-20 20:00:50,SENS_CAMP_1,Campus_6_Hostel,4,34.67
2026-08-20 20:10:50,SENS_CAMP_2,Campus_6_Hostel,2,25.97
2026-08-20 20:20:50,SENS_CAMP_3,Campus_15_Main,28,34.35
2026-08-20 20:30:50,SENS_CAMP_3,Campus_6_Hostel,0,33.84
2026-08-20 20:40:50,SENS_CAMP_1,Campus_15_Main,0,33.95
2026-08-20 20:50:50,SENS_KSAC_2,KSAC_Ground,2,24.38
2026-08-20 21:00:50,SENS_CAMP_1,Campus_15_Main,2,32.38
2026-08-20 21:10:50,SENS_KSAC_2,KSAC_Ground,1,26.46
2026-08-20 21:20:50,SENS_KSAC_2,KSAC_Ground,2,33.91
2026-08-20 21:30:50,SENS_CAMP_3,Campus_15_Main,2,31.30
2026-08-20 21:40:50,SENS_KSAC_2,KSAC_Ground,1,25.62
2026-08-20 21:50:50,SENS_CAMP_1,Campus_15_Main,4,25.76
2026-08-20 22:00:50,SENS_CAMP_1,Campus_15_Main,1,25.14
2026-08-20 22:10:50,SENS_CAMP_1,Campus_6_Hostel,0,30.16
2026-08-20 22:20:50,SENS_CAMP_1,Campus_15_Main,4,31.38
2026-08-20 22:30:50,SENS_CAMP_3,Campus_15_Main,3,28.12
2026-08-20 22:40:50,SENS_CAMP_2,Campus_15_Main,4,25.05
2026-08-20 22:50:50,SENS_CAMP_1,Campus_15_Main,2,31.53
2026-08-20 23:00:50,SENS_KSAC_1,KSAC_Ground,2,25.42
2026-08-20 23:10:50,SENS_CAMP_1,Campus_15_Main,3,27.64
2026-08-20 23:20:50,SENS_KSAC_2,KSAC_Ground,3,33.44
2026-08-20 23:30:50,SENS_CAMP_3,Campus_6_Hostel,2,28.08
2026-08-20 23:40:50,SENS_CAMP_2,Campus_15_Main,1,25.10
2026-08-20 23:50:50,SENS_CAMP_1,Campus_15_Main,0,30.75
2026-08-21 00:00:50,SENS_CAMP_2,Campus_6_Hostel,3,27.36
2026-08-21 00:10:50,SENS_KSAC_1,KSAC_Ground,1,30.28
2026-08-21 00:20:50,SENS_CAMP_1,Campus_12_Labs,1,28.71
2026-08-21 00:30:50,SENS_KSAC_1,KSAC_Ground,2,33.14
2026-08-21 00:40:50,SENS_CAMP_1,Campus_6_Hostel,3,29.61
2026-08-21 00:50:50,SENS_KSAC_1,KSAC_Ground,0,27.11
2026-08-21 01:00:50,SENS_CAMP_3,Campus_15_Main,2,35.11
2026-08-21 01:10:50,SENS_CAMP_1,Campus_6_Hostel,3,35.00
2026-08-21 01:20:50,SENS_KSAC_2,KSAC_Ground,4,34.60
2026-08-21 01:30:50,SENS_CAMP_1,Campus_6_Hostel,0,28.96
2026-08-21 01:40:50,SENS_CAMP_1,Campus_6_Hostel,4,25.84
2026-08-21 01:50:50,SENS_CAMP_1,Campus_12_Labs,2,34.52
2026-08-21 02:00:50,SENS_CAMP_1,Campus_6_Hostel,49,27.31
2026-08-21 02:10:50,SENS_KSAC_2,KSAC_Ground,3,35.26
2026-08-21 02:20:50,SENS_CAMP_2,Campus_12_Labs,1,30.99
2026-08-21 02:30:50,SENS_KSAC_3,KSAC_Ground,4,25.88
2026-08-21 02:40:50,SENS_CAMP_3,Campus_6_Hostel,0,32.88
2026-08-21 02:50:50,SENS_CAMP_1,Campus_6_Hostel,4,24.30
2026-08-21 03:00:50,SENS_CAMP_2,Campus_12_Labs,2,27.21
2026-08-21 03:10:50,SENS_CAMP_1,Campus_6_Hostel,3,26.57
2026-08-21 03:20:50,SENS_CAMP_3,Campus_6_Hostel,3,28.90
2026-08-21 03:30:50,SENS_CAMP_1,Campus_12_Labs,1,32.12
2026-08-21 03:40:50,SENS_KSAC_2,KSAC_Ground,3,24.67
2026-08-21 03:50:50,SENS_CAMP_2,Campus_6_Hostel,2,30.54
2026-08-21 04:00:50,SENS_KSAC_3,KSAC_Ground,3,31.10
2026-08-21 04:10:50,SENS_CAMP_2,Campus_15_Main,3,25.23
2026-08-21 04:20:50,SENS_CAMP_3,Campus_12_Labs,4,35.70
2026-08-21 04:30:50,SENS_CAMP_2,Campus_6_Hostel,3,30.35
2026-08-21 04:40:50,SENS_CAMP_1,Campus_12_Labs,0,26.45
2026-08-21 04:50:50,SENS_CAMP_2,Campus_15_Main,4,25.93
2026-08-21 05:00:50,SENS_CAMP_3,Campus_12_Labs,4,33.90
2026-08-21 05:10:50,SENS_KSAC_1,KSAC_Ground,4,29.63
2026-08-21 05:20:50,SENS_CAMP_1,Campus_6_Hostel,2,28.99
2026-08-21 05:30:50,SENS_KSAC_3,KSAC_Ground,0,27.34
2026-08-21 05:40:50,SENS_CAMP_1,Campus_15_Main,34,31.33
2026-08-21 05:50:50,SENS_CAMP_2,Campus_15_Main,18,27.50
2026-08-21 06:00:50,SENS_CAMP_3,Campus_12_Labs,1,26.27
2026-08-21 06:10:50,SENS_CAMP_1,Campus_6_Hostel,3,29.99
2026-08-21 06:20:50,SENS_CAMP_1,Campus_15_Main,1,26.17
2026-08-21 06:30:50,SENS_CAMP_3,Campus_6_Hostel,1,31.41
2026-08-21 06:40:50,SENS_CAMP_1,Campus_12_Labs,3,25.92
2026-08-21 06:50:50,SENS_CAMP_1,Campus_12_Labs,3,25.65
2026-08-21 07:00:50,SENS_KSAC_2,KSAC_Ground,1,35.50
2026-08-21 07:10:50,SENS_CAMP_1,Campus_6_Hostel,49,30.48
2026-08-21 07:20:50,SENS_CAMP_2,Campus_6_Hostel,1,31.53
2026-08-21 07:30:50,SENS_CAMP_3,Campus_12_Labs,1,29.59
2026-08-21 07:40:50,SENS_CAMP_2,Campus_12_Labs,3,28.97
2026-08-21 07:50:50,SENS_CAMP_3,Campus_15_Main,1,27.56
2026-08-21 08:00:50,SENS_CAMP_1,Campus_15_Main,2,27.12
2026-08-21 08:10:50,SENS_CAMP_3,Campus_12_Labs,0,35.32
2026-08-21 08:20:50,SENS_CAMP_3,Campus_12_Labs,3,27.57
2026-08-21 08:30:50,SENS_KSAC_2,KSAC_Ground,4,33.90
2026-08-21 08:40:50,SENS_CAMP_3,Campus_12_Labs,4,33.64
2026-08-21 08:50:50,SENS_CAMP_2,Campus_15_Main,4,35.16
2026-08-21 09:00:50,SENS_CAMP_3,Campus_15_Main,0,27.67
2026-08-21 09:10:50,SENS_KSAC_3,KSAC_Ground,2,34.27
2026-08-21 09:20:50,SENS_CAMP_1,Campus_12_Labs,0,25.05
2026-08-21 09:30:50,SENS_CAMP_3,Campus_15_Main,2,25.09
2026-08-21 09:40:50,SENS_CAMP_3,Campus_12_Labs,2,34.40
2026-08-21 09:50:50,SENS_CAMP_3,Campus_12_Labs,3,25.19
2026-08-21 10:00:50,SENS_CAMP_3,Campus_12_Labs,3,28.33
2026-08-21 10:10:50,SENS_CAMP_2,Campus_6_Hostel,4,33.88
2026-08-21 10:20:50,SENS_CAMP_2,Campus_6_Hostel,0,35.70
2026-08-21 10:30:50,SENS_KSAC_3,KSAC_Ground,3,26.61
2026-08-21 10:40:50,SENS_CAMP_1,Campus_15_Main,3,26.63
2026-08-21 10:50:50,SENS_CAMP_2,Campus_15_Main,1,33.07
2026-08-21 11:00:50,SENS_KSAC_3,KSAC_Ground,40,28.09
2026-08-21 11:10:50,SENS_CAMP_1,Campus_12_Labs,29,30.49
2026-08-21 11:20:50,SENS_CAMP_1,Campus_12_Labs,2,31.72
2026-08-21 11:30:50,SENS_KSAC_2,KSAC_Ground,50,32.62
2026-08-21 11:40:50,SENS_KSAC_3,KSAC_Ground,3,30.48
2026-08-21 11:50:50,SENS_CAMP_3,Campus_12_Labs,4,24.75
2026-08-21 12:00:50,SENS_CAMP_3,Campus_12_Labs,2,25.57
2026-08-21 12:10:50,SENS_CAMP_3,Campus_15_Main,3,30.05
2026-08-21 12:20:50,SENS_KSAC_3,KSAC_Ground,3,24.58
2026-08-21 12:30:50,SENS_CAMP_2,Campus_12_Labs,2,31.29
2026-08-21 12:40:50,SENS_CAMP_1,Campus_15_Main,4,24.17
2026-08-21 12:50:50,SENS_CAMP_3,Campus_6_Hostel,3,25.83
2026-08-21 13:00:50,SENS_CAMP_1,Campus_15_Main,2,25.48
2026-08-21 13:10:50,SENS_CAMP_1,Campus_6_Hostel,18,29.09
2026-08-21 13:20:50,SENS_CAMP_1,Campus_12_Labs,1,30.72
2026-08-21 13:30:50,SENS_CAMP_3,Campus_6_Hostel,0,32.67
2026-08-21 13:40:50,SENS_CAMP_3,Campus_15_Main,3,35.31
2026-08-21 13:50:50,SENS_CAMP_3,Campus_12_Labs,3,35.12
2026-08-21 14:00:50,SENS_CAMP_3,Campus_12_Labs,3,32.43
2026-08-21 14:10:50,SENS_CAMP_2,Campus_6_Hostel,30,27.17
2026-08-21 14:20:50,SENS_CAMP_3,Campus_6_Hostel,0,30.29
2026-08-21 14:30:50,SENS_CAMP_2,Campus_12_Labs,4,26.76
2026-08-21 14:40:50,SENS_CAMP_1,Campus_6_Hostel,0,29.63
2026-08-21 14:50:50,SENS_CAMP_3,Campus_12_Labs,3,32.38
2026-08-21 15:00:50,SENS_KSAC_2,KSAC_Ground,4,34.85
2026-08-21 15:10:50,SENS_CAMP_2,Campus_12_Labs,2,25.44
2026-08-21 15:20:50,SENS_CAMP_1,Campus_12_Labs,1,32.34
2026-08-21 15:30:50,SENS_CAMP_2,Campus_12_Labs,35,24.46
2026-08-21 15:40:50,SENS_KSAC_2,KSAC_Ground,0,29.24
2026-08-21 15:50:50,SENS_CAMP_2,Campus_6_Hostel,3,32.22
2026-08-21 16:00:50,SENS_CAMP_2,Campus_15_Main,2,25.27
2026-08-21 16:10:50,SENS_CAMP_2,Campus_6_Hostel,1,35.68
2026-08-21 16:20:50,SENS_CAMP_3,Campus_12_Labs,2,32.51
2026-08-21 16:30:50,SENS_CAMP_3,Campus_6_Hostel,1,26.09
2026-08-21 16:40:50,SENS_KSAC_3,KSAC_Ground,47,31.95
2026-08-21 16:50:50,SENS_CAMP_1,Campus_15_Main,3,30.88
2026-08-21 17:00:50,SENS_CAMP_1,Campus_15_Main,26,27.60
2026-08-21 17:10:50,SENS_CAMP_3,Campus_15_Main,2,28.41
2026-08-21 17:20:50,SENS_KSAC_1,KSAC_Ground,4,27.20
2026-08-21 17:30:50,SENS_CAMP_2,Campus_15_Main,1,26.94
2026-08-21 17:40:50,SENS_CAMP_2,Campus_12_Labs,3,35.51
2026-08-21 17:50:50,SENS_KSAC_3,KSAC_Ground,3,31.47
2026-08-21 18:00:50,SENS_CAMP_2,Campus_6_Hostel,4,34.62
2026-08-21 18:10:50,SENS_CAMP_1,Campus_15_Main,1,26.59
2026-08-21 18:20:50,SENS_CAMP_2,Campus_15_Main,1,34.24
2026-08-21 18:30:50,SENS_CAMP_3,Campus_12_Labs,3,29.53
2026-08-21 18:40:50,SENS_CAMP_2,Campus_15_Main,0,29.02
2026-08-21 18:50:50,SENS_CAMP_1,Campus_6_Hostel,3,30.88
2026-08-21 19:00:50,SENS_CAMP_3,Campus_6_Hostel,19,29.81
2026-08-21 19:10:50,SENS_CAMP_3,Campus_12_Labs,31,30.35
2026-08-21 19:20:50,SENS_CAMP_1,Campus_12_Labs,0,29.84
2026-08-21 19:30:50,SENS_KSAC_2,KSAC_Ground,4,26.35
2026-08-21 19:40:50,SENS_CAMP_2,Campus_6_Hostel,1,25.73
2026-08-21 19:50:50,SENS_CAMP_2,Campus_6_Hostel,3,32.49
2026-08-21 20:00:50,SENS_CAMP_3,Campus_12_Labs,4,33.71
2026-08-21 20:10:50,SENS_KSAC_3,KSAC_Ground,1,35.96
2026-08-21 20:20:50,SENS_KSAC_1,KSAC_Ground,0,25.62
2026-08-21 20:30:50,SENS_CAMP_3,Campus_15_Main,3,25.15
2026-08-21 20:40:50,SENS_CAMP_2,Campus_15_Main,50,26.74
2026-08-21 20:50:50,SENS_CAMP_3,Campus_6_Hostel,3,30.46
2026-08-21 21:00:50,SENS_CAMP_2,Campus_6_Hostel,4,25.58
2026-08-21 21:10:50,SENS_KSAC_3,KSAC_Ground,1,28.96
2026-08-21 21:20:50,SENS_CAMP_1,Campus_12_Labs,29,27.04
2026-08-21 21:30:50,SENS_CAMP_1,Campus_15_Main,2,33.81
2026-08-21 21:40:50,SENS_CAMP_1,Campus_6_Hostel,4,30.19
2026-08-21 21:50:50,SENS_CAMP_1,Campus_12_Labs,4,31.43
2026-08-21 22:00:50,SENS_KSAC_1,KSAC_Ground,2,28.83
2026-08-21 22:10:50,SENS_CAMP_3,Campus_15_Main,0,29.73
2026-08-21 22:20:50,SENS_CAMP_1,Campus_15_Main,36,25.72
2026-08-21 22:30:50,SENS_KSAC_2,KSAC_Ground,33,25.93
2026-08-21 22:40:50,SENS_CAMP_2,Campus_12_Labs,3,31.91
2026-08-21 22:50:50,SENS_CAMP_2,Campus_12_Labs,3,34.27
2026-08-21 23:00:50,SENS_CAMP_3,Campus_6_Hostel,1,24.72
2026-08-21 23:10:50,SENS_CAMP_1,Campus_15_Main,2,30.76
2026-08-21 23:20:50,SENS_CAMP_2,Campus_15_Main,0,26.72
2026-08-21 23:30:50,SENS_CAMP_2,Campus_6_Hostel,3,29.16
2026-08-21 23:40:50,SENS_KSAC_3,KSAC_Ground,2,27.56
2026-08-21 23:50:50,SENS_KSAC_3,KSAC_Ground,1,34.16
2026-08-22 00:00:50,SENS_KSAC_2,KSAC_Ground,1,34.03
2026-08-22 00:10:50,SENS_CAMP_1,Campus_15_Main,4,33.93
2026-08-22 00:20:50,SENS_KSAC_3,KSAC_Ground,4,35.17
2026-08-22 00:30:50,SENS_CAMP_3,Campus_6_Hostel,1,31.01
2026-08-22 00:40:50,SENS_CAMP_2,Campus_15_Main,1,28.55
2026-08-22 00:50:50,SENS_CAMP_2,Campus_6_Hostel,2,33.10
2026-08-22 01:00:50,SENS_CAMP_1,Campus_15_Main,3,30.41
2026-08-22 01:10:50,SENS_CAMP_2,Campus_15_Main,1,26.01
2026-08-22 01:20:50,SENS_CAMP_1,Campus_6_Hostel,4,30.05
2026-08-22 01:30:50,SENS_CAMP_1,Campus_12_Labs,0,32.42
2026-08-22 01:40:50,SENS_KSAC_3,KSAC_Ground,0,30.05
2026-08-22 01:50:50,SENS_CAMP_2,Campus_12_Labs,2,30.93
2026-08-22 02:00:50,SENS_CAMP_2,Campus_15_Main,1,25.18
2026-08-22 02:10:50,SENS_CAMP_1,Campus_15_Main,3,24.35
2026-08-22 02:20:50,SENS_CAMP_1,Campus_12_Labs,1,26.43
2026-08-22 02:30:50,SENS_CAMP_3,Campus_15_Main,2,33.76
2026-08-22 02:40:50,SENS_CAMP_2,Campus_12_Labs,1,33.15
2026-08-22 02:50:50,SENS_CAMP_3,Campus_6_Hostel,1,29.66
2026-08-22 03:00:50,SENS_KSAC_3,KSAC_Ground,4,32.62
2026-08-22 03:10:50,SENS_CAMP_1,Campus_12_Labs,4,25.08
2026-08-22 03:20:50,SENS_CAMP_1,Campus_6_Hostel,3,29.78
2026-08-22 03:30:50,SENS_CAMP_3,Campus_6_Hostel,3,28.16
2026-08-22 03:40:50,SENS_KSAC_1,KSAC_Ground,0,25.18
2026-08-22 03:50:50,SENS_CAMP_2,Campus_12_Labs,0,27.92
2026-08-22 04:00:50,SENS_CAMP_1,Campus_6_Hostel,2,31.65
2026-08-22 04:10:50,SENS_CAMP_1,Campus_12_Labs,1,25.55
2026-08-22 04:20:50,SENS_KSAC_2,KSAC_Ground,2,27.39
2026-08-22 04:30:50,SENS_KSAC_3,KSAC_Ground,4,34.02
2026-08-22 04:40:50,SENS_KSAC_1,KSAC_Ground,0,27.40
2026-08-22 04:50:50,SENS_CAMP_1,Campus_12_Labs,3,30.30
2026-08-22 05:00:50,SENS_KSAC_1,KSAC_Ground,1,31.53
2026-08-22 05:10:50,SENS_CAMP_2,Campus_12_Labs,3,35.09
2026-08-22 05:20:50,SENS_CAMP_2,Campus_6_Hostel,3,31.24
2026-08-22 05:30:50,SENS_CAMP_2,Campus_15_Main,2,34.93
2026-08-22 05:40:50,SENS_CAMP_3,Campus_12_Labs,4,32.42
2026-08-22 05:50:50,SENS_CAMP_1,Campus_12_Labs,45,30.42
2026-08-22 06:00:50,SENS_CAMP_2,Campus_12_Labs,2,32.62
2026-08-22 06:10:50,SENS_KSAC_3,KSAC_Ground,1,28.70
2026-08-22 06:20:50,SENS_CAMP_3,Campus_12_Labs,2,25.47
2026-08-22 06:30:50,SENS_CAMP_1,Campus_6_Hostel,28,29.31
2026-08-22 06:40:50,SENS_CAMP_2,Campus_12_Labs,3,26.99
2026-08-22 06:50:50,SENS_CAMP_2,Campus_15_Main,25,35.23
2026-08-22 07:00:50,SENS_CAMP_1,Campus_12_Labs,16,26.65
2026-08-22 07:10:50,SENS_CAMP_2,Campus_6_Hostel,4,34.51
2026-08-22 07:20:50,SENS_CAMP_1,Campus_12_Labs,4,28.16
2026-08-22 07:30:50,SENS_CAMP_3,Campus_6_Hostel,2,28.88
2026-08-22 07:40:50,SENS_CAMP_3,Campus_6_Hostel,0,30.67
2026-08-22 07:50:50,SENS_CAMP_2,Campus_15_Main,1,25.26
2026-08-22 08:00:50,SENS_CAMP_3,Campus_6_Hostel,1,29.94
2026-08-22 08:10:50,SENS_KSAC_3,KSAC_Ground,4,27.74
2026-08-22 08:20:50,SENS_KSAC_2,KSAC_Ground,1,26.40
2026-08-22 08:30:50,SENS_CAMP_1,Campus_6_Hostel,1,24.52
2026-08-22 08:40:50,SENS_CAMP_1,Campus_6_Hostel,1,27.04
2026-08-22 08:50:50,SENS_CAMP_2,Campus_12_Labs,4,24.01
2026-08-22 09:00:50,SENS_CAMP_2,Campus_12_Labs,3,32.59
2026-08-22 09:10:50,SENS_CAMP_2,Campus_6_Hostel,1,34.44
2026-08-22 09:20:50,SENS_CAMP_2,Campus_15_Main,1,35.58
2026-08-22 09:30:50,SENS_CAMP_2,Campus_15_Main,0,30.18
2026-08-22 09:40:50,SENS_CAMP_1,Campus_6_Hostel,2,24.09
2026-08-22 09:50:50,SENS_CAMP_1,Campus_15_Main,4,24.80
2026-08-22 10:00:50,SENS_KSAC_3,KSAC_Ground,0,27.38
2026-08-22 10:10:50,SENS_KSAC_2,KSAC_Ground,4,31.21
2026-08-22 10:20:50,SENS_CAMP_2,Campus_15_Main,2,30.36
2026-08-22 10:30:50,SENS_CAMP_1,Campus_12_Labs,17,33.80
2026-08-22 10:40:50,SENS_KSAC_2,KSAC_Ground,3,27.58
2026-08-22 10:50:50,SENS_CAMP_3,Campus_6_Hostel,39,30.27
2026-08-22 11:00:50,SENS_CAMP_1,Campus_12_Labs,1,28.26
2026-08-22 11:10:50,SENS_CAMP_3,Campus_15_Main,2,24.57
2026-08-22 11:20:50,SENS_CAMP_2,Campus_6_Hostel,3,25.28
2026-08-22 11:30:50,SENS_KSAC_3,KSAC_Ground,4,26.62
2026-08-22 11:40:50,SENS_CAMP_1,Campus_15_Main,0,30.00
2026-08-22 11:50:50,SENS_CAMP_2,Campus_12_Labs,4,27.64
2026-08-22 12:00:50,SENS_KSAC_1,KSAC_Ground,4,27.85
2026-08-22 12:10:50,SENS_CAMP_3,Campus_12_Labs,42,30.81
2026-08-22 12:20:50,SENS_CAMP_3,Campus_15_Main,4,24.53
2026-08-22 12:30:50,SENS_CAMP_2,Campus_12_Labs,0,27.74
2026-08-22 12:40:50,SENS_KSAC_3,KSAC_Ground,1,29.42
2026-08-22 12:50:50,SENS_CAMP_2,Campus_6_Hostel,4,32.97
2026-08-22 13:00:50,SENS_KSAC_3,KSAC_Ground,0,27.05
2026-08-22 13:10:50,SENS_CAMP_1,Campus_12_Labs,2,30.04
2026-08-22 13:20:50,SENS_CAMP_2,Campus_15_Main,1,25.38
2026-08-22 13:30:50,SENS_CAMP_2,Campus_6_Hostel,1,32.98
2026-08-22 13:40:50,SENS_CAMP_1,Campus_6_Hostel,0,27.96
2026-08-22 13:50:50,SENS_CAMP_3,Campus_15_Main,4,30.67
2026-08-22 14:00:50,SENS_CAMP_3,Campus_12_Labs,0,32.51
2026-08-22 14:10:50,SENS_KSAC_3,KSAC_Ground,3,32.42
2026-08-22 14:20:50,SENS_CAMP_1,Campus_12_Labs,0,35.57
2026-08-22 14:30:50,SENS_CAMP_3,Campus_12_Labs,4,28.66
2026-08-22 14:40:50,SENS_CAMP_1,Campus_12_Labs,4,25.11
2026-08-22 14:50:50,SENS_CAMP_3,Campus_15_Main,4,33.83
2026-08-22 15:00:50,SENS_CAMP_3,Campus_6_Hostel,1,31.37
2026-08-22 15:10:50,SENS_CAMP_2,Campus_15_Main,3,26.41
2026-08-22 15:20:50,SENS_CAMP_2,Campus_12_Labs,3,31.97
2026-08-22 15:30:50,SENS_KSAC_1,KSAC_Ground,0,24.78
2026-08-22 15:40:50,SENS_CAMP_1,Campus_6_Hostel,2,33.90
2026-08-22 15:50:50,SENS_KSAC_3,KSAC_Ground,3,27.41
2026-08-22 16:00:50,SENS_CAMP_1,Campus_6_Hostel,4,26.83
2026-08-22 16:10:50,SENS_KSAC_1,KSAC_Ground,0,30.30
2026-08-22 16:20:50,SENS_CAMP_1,Campus_12_Labs,40,34.19
2026-08-22 16:30:50,SENS_CAMP_1,Campus_12_Labs,2,28.93
2026-08-22 16:40:50,SENS_CAMP_3,Campus_12_Labs,0,35.26
2026-08-22 16:50:50,SENS_CAMP_2,Campus_15_Main,0,26.68
2026-08-22 17:00:50,SENS_CAMP_1,Campus_12_Labs,3,35.90
2026-08-22 17:10:50,SENS_CAMP_1,Campus_12_Labs,2,33.59
2026-08-22 17:20:50,SENS_KSAC_3,KSAC_Ground,3,32.18
2026-08-22 17:30:50,SENS_CAMP_3,Campus_15_Main,2,31.63
2026-08-22 17:40:50,SENS_KSAC_3,KSAC_Ground,3,35.66
2026-08-22 17:50:50,SENS_CAMP_3,Campus_6_Hostel,2,30.33
2026-08-22 18:00:50,SENS_CAMP_2,Campus_12_Labs,17,25.59
2026-08-22 18:10:50,SENS_CAMP_1,Campus_15_Main,3,30.81
2026-08-22 18:20:50,SENS_CAMP_1,Campus_12_Labs,3,27.06
2026-08-22 18:30:50,SENS_CAMP_1,Campus_15_Main,4,25.60
2026-08-22 18:40:50,SENS_KSAC_3,KSAC_Ground,0,33.79
2026-08-22 18:50:50,SENS_KSAC_1,KSAC_Ground,27,30.40
2026-08-22 19:00:50,SENS_CAMP_2,Campus_6_Hostel,3,33.58
2026-08-22 19:10:50,SENS_CAMP_2,Campus_15_Main,3,25.52
2026-08-22 19:20:50,SENS_CAMP_1,Campus_15_Main,1,30.04
2026-08-22 19:30:50,SENS_CAMP_2,Campus_6_Hostel,0,28.05
2026-08-22 19:40:50,SENS_KSAC_2,KSAC_Ground,1,28.29
2026-08-22 19:50:50,SENS_CAMP_2,Campus_12_Labs,0,31.94
2026-08-22 20:00:50,SENS_CAMP_1,Campus_12_Labs,0,35.76
2026-08-22 20:10:50,SENS_KSAC_3,KSAC_Ground,30,32.75
2026-08-22 20:20:50,SENS_CAMP_2,Campus_6_Hostel,4,26.26
2026-08-22 20:30:50,SENS_CAMP_1,Campus_15_Main,2,28.72
2026-08-22 20:40:50,SENS_CAMP_3,Campus_15_Main,3,27.80
2026-08-22 20:50:50,SENS_CAMP_2,Campus_12_Labs,1,31.06
2026-08-22 21:00:50,SENS_CAMP_2,Campus_12_Labs,4,26.35
2026-08-22 21:10:50,SENS_KSAC_1,KSAC_Ground,2,24.98
2026-08-22 21:20:50,SENS_CAMP_3,Campus_15_Main,3,34.19
2026-08-22 21:30:50,SENS_CAMP_1,Campus_15_Main,1,24.47
2026-08-22 21:40:50,SENS_CAMP_1,Campus_6_Hostel,0,34.03
2026-08-22 21:50:50,SENS_CAMP_2,Campus_6_Hostel,4,25.44
2026-08-22 22:00:50,SENS_CAMP_2,Campus_6_Hostel,16,33.62
2026-08-22 22:10:50,SENS_CAMP_2,Campus_15_Main,3,33.88
2026-08-22 22:20:50,SENS_CAMP_3,Campus_15_Main,4,26.46
2026-08-22 22:30:50,SENS_KSAC_1,KSAC_Ground,0,29.61
2026-08-22 22:40:50,SENS_KSAC_2,KSAC_Ground,2,28.76
2026-08-22 22:50:50,SENS_KSAC_2,KSAC_Ground,3,28.27
2026-08-22 23:00:50,SENS_CAMP_1,Campus_12_Labs,0,34.11
2026-08-22 23:10:50,SENS_CAMP_1,Campus_12_Labs,4,28.09
2026-08-22 23:20:50,SENS_CAMP_1,Campus_6_Hostel,2,34.65
2026-08-22 23:30:50,SENS_KSAC_3,KSAC_Ground,4,34.22
2026-08-22 23:40:50,SENS_CAMP_2,Campus_15_Main,4,35.93
2026-08-22 23:50:50,SENS_CAMP_1,Campus_6_Hostel,4,26.25
2026-08-23 00:00:50,SENS_KSAC_3,KSAC_Ground,3,26.86
2026-08-23 00:10:50,SENS_CAMP_1,Campus_15_Main,0,24.24
2026-08-23 00:20:50,SENS_CAMP_2,Campus_12_Labs,2,26.96
2026-08-23 00:30:50,SENS_CAMP_2,Campus_15_Main,43,28.94
2026-08-23 00:40:50,SENS_CAMP_1,Campus_12_Labs,1,31.38
2026-08-23 00:50:50,SENS_KSAC_3,KSAC_Ground,4,33.09
2026-08-23 01:00:50,SENS_CAMP_1,Campus_15_Main,2,33.55
2026-08-23 01:10:50,SENS_KSAC_1,KSAC_Ground,4,34.25
2026-08-23 01:20:50,SENS_CAMP_2,Campus_15_Main,0,35.85
2026-08-23 01:30:50,SENS_CAMP_3,Campus_6_Hostel,2,32.12
2026-08-23 01:40:50,SENS_CAMP_2,Campus_6_Hostel,4,34.73
2026-08-23 01:50:50,SENS_CAMP_1,Campus_12_Labs,3,26.48
2026-08-23 02:00:50,SENS_CAMP_2,Campus_12_Labs,4,27.73
2026-08-23 02:10:50,SENS_KSAC_2,KSAC_Ground,4,30.96
2026-08-23 02:20:50,SENS_CAMP_3,Campus_6_Hostel,2,30.13
2026-08-23 02:30:50,SENS_CAMP_2,Campus_12_Labs,3,27.50
2026-08-23 02:40:50,SENS_CAMP_3,Campus_15_Main,3,24.27
2026-08-23 02:50:50,SENS_KSAC_2,KSAC_Ground,0,26.95
2026-08-23 03:00:50,SENS_CAMP_1,Campus_15_Main,23,29.90
2026-08-23 03:10:50,SENS_CAMP_3,Campus_15_Main,3,25.55
2026-08-23 03:20:50,SENS_KSAC_2,KSAC_Ground,2,27.24
2026-08-23 03:30:50,SENS_KSAC_3,KSAC_Ground,0,27.95
2026-08-23 03:40:50,SENS_CAMP_1,Campus_6_Hostel,4,24.56
2026-08-23 03:50:50,SENS_CAMP_1,Campus_12_Labs,0,34.84
2026-08-23 04:00:50,SENS_CAMP_3,Campus_6_Hostel,0,34.39
2026-08-23 04:10:50,SENS_KSAC_1,KSAC_Ground,0,26.52
2026-08-23 04:20:50,SENS_CAMP_1,Campus_15_Main,2,28.14
2026-08-23 04:30:50,SENS_CAMP_1,Campus_6_Hostel,30,31.91
2026-08-23 04:40:50,SENS_CAMP_2,Campus_6_Hostel,0,33.63
2026-08-23 04:50:50,SENS_KSAC_3,KSAC_Ground,1,28.17
2026-08-23 05:00:50,SENS_CAMP_1,Campus_15_Main,2,27.87
2026-08-23 05:10:50,SENS_CAMP_2,Campus_12_Labs,3,33.87
2026-08-23 05:20:50,SENS_CAMP_1,Campus_15_Main,0,24.99
2026-08-23 05:30:50,SENS_KSAC_1,KSAC_Ground,2,34.58
2026-08-23 05:40:50,SENS_CAMP_3,Campus_6_Hostel,3,26.10
2026-08-23 05:50:50,SENS_CAMP_1,Campus_6_Hostel,2,28.49
2026-08-23 06:00:50,SENS_KSAC_2,KSAC_Ground,3,25.59
2026-08-23 06:10:50,SENS_KSAC_3,KSAC_Ground,3,32.89
2026-08-23 06:20:50,SENS_KSAC_2,KSAC_Ground,4,31.65
2026-08-23 06:30:50,SENS_CAMP_2,Campus_12_Labs,1,33.92
2026-08-23 06:40:50,SENS_CAMP_2,Campus_6_Hostel,46,27.96
2026-08-23 06:50:50,SENS_CAMP_2,Campus_15_Main,2,30.32
2026-08-23 07:00:50,SENS_KSAC_2,KSAC_Ground,42,29.99
2026-08-23 07:10:50,SENS_CAMP_3,Campus_15_Main,1,31.28
2026-08-23 07:20:50,SENS_CAMP_2,Campus_15_Main,2,31.72
2026-08-23 07:30:50,SENS_CAMP_2,Campus_15_Main,4,32.21
2026-08-23 07:40:50,SENS_KSAC_3,KSAC_Ground,2,26.92
2026-08-23 07:50:50,SENS_CAMP_2,Campus_15_Main,4,25.87
2026-08-23 08:00:50,SENS_CAMP_3,Campus_12_Labs,4,34.28
2026-08-23 08:10:50,SENS_CAMP_3,Campus_12_Labs,0,28.71
2026-08-23 08:20:50,SENS_KSAC_2,KSAC_Ground,42,28.64
2026-08-23 08:30:50,SENS_CAMP_1,Campus_15_Main,0,27.42
2026-08-23 08:40:50,SENS_CAMP_3,Campus_15_Main,2,30.71
2026-08-23 08:50:50,SENS_CAMP_2,Campus_6_Hostel,4,33.71
2026-08-23 09:00:50,SENS_CAMP_3,Campus_15_Main,0,32.60
2026-08-23 09:10:50,SENS_CAMP_1,Campus_15_Main,1,26.31
2026-08-23 09:20:50,SENS_CAMP_2,Campus_15_Main,2,28.60
2026-08-23 09:30:50,SENS_CAMP_1,Campus_6_Hostel,0,31.40
2026-08-23 09:40:50,SENS_CAMP_1,Campus_15_Main,3,35.33
2026-08-23 09:50:50,SENS_KSAC_1,KSAC_Ground,1,35.20
2026-08-23 10:00:50,SENS_CAMP_3,Campus_15_Main,2,25.25
2026-08-23 10:10:50,SENS_CAMP_3,Campus_15_Main,16,31.64
2026-08-23 10:20:50,SENS_CAMP_1,Campus_15_Main,0,27.42
2026-08-23 10:30:50,SENS_KSAC_1,KSAC_Ground,0,27.54
2026-08-23 10:40:50,SENS_CAMP_3,Campus_12_Labs,2,34.92
2026-08-23 10:50:50,SENS_CAMP_2,Campus_12_Labs,0,33.45
2026-08-23 11:00:50,SENS_CAMP_3,Campus_12_Labs,2,31.70
2026-08-23 11:10:50,SENS_KSAC_2,KSAC_Ground,1,28.44
2026-08-23 11:20:50,SENS_CAMP_2,Campus_15_Main,1,32.06
2026-08-23 11:30:50,SENS_CAMP_1,Campus_12_Labs,1,25.43
2026-08-23 11:40:50,SENS_CAMP_1,Campus_15_Main,1,29.80
2026-08-23 11:50:50,SENS_KSAC_3,KSAC_Ground,41,24.79
2026-08-23 12:00:50,SENS_CAMP_3,Campus_15_Main,0,31.19
2026-08-23 12:10:50,SENS_CAMP_3,Campus_12_Labs,3,31.20
2026-08-23 12:20:50,SENS_CAMP_2,Campus_15_Main,2,30.79
2026-08-23 12:30:50,SENS_CAMP_2,Campus_15_Main,1,27.11
2026-08-23 12:40:50,SENS_CAMP_3,Campus_12_Labs,2,29.75
2026-08-23 12:50:50,SENS_CAMP_3,Campus_6_Hostel,1,33.51
2026-08-23 13:00:50,SENS_KSAC_3,KSAC_Ground,4,29.87
2026-08-23 13:10:50,SENS_CAMP_3,Campus_12_Labs,2,34.64
2026-08-23 13:20:50,SENS_CAMP_3,Campus_12_Labs,2,28.57
2026-08-23 13:30:50,SENS_KSAC_3,KSAC_Ground,4,30.18
2026-08-23 13:40:50,SENS_KSAC_3,KSAC_Ground,1,34.57
2026-08-23 13:50:50,SENS_CAMP_3,Campus_6_Hostel,34,29.17
2026-08-23 14:00:50,SENS_KSAC_2,KSAC_Ground,2,30.93
2026-08-23 14:10:50,SENS_CAMP_2,Campus_6_Hostel,0,34.06
2026-08-23 14:20:50,SENS_CAMP_2,Campus_6_Hostel,4,26.02
2026-08-23 14:30:50,SENS_CAMP_3,Campus_12_Labs,3,32.51
2026-08-23 14:40:50,SENS_CAMP_3,Campus_12_Labs,18,29.93
2026-08-23 14:50:50,SENS_KSAC_3,KSAC_Ground,0,32.16
2026-08-23 15:00:50,SENS_CAMP_2,Campus_12_Labs,0,26.49
2026-08-23 15:10:50,SENS_CAMP_3,Campus_15_Main,0,32.07
2026-08-23 15:20:50,SENS_CAMP_1,Campus_12_Labs,44,35.61
2026-08-23 15:30:50,SENS_CAMP_3,Campus_12_Labs,0,29.64
2026-08-23 15:40:50,SENS_CAMP_3,Campus_12_Labs,2,27.03
2026-08-23 15:50:50,SENS_CAMP_1,Campus_12_Labs,2,33.94
2026-08-23 16:00:50,SENS_CAMP_2,Campus_15_Main,0,31.66
2026-08-23 16:10:50,SENS_KSAC_1,KSAC_Ground,4,30.38
2026-08-23 16:20:50,SENS_CAMP_1,Campus_15_Main,4,26.89
2026-08-23 16:30:50,SENS_CAMP_3,Campus_6_Hostel,3,31.85
2026-08-23 16:40:50,SENS_CAMP_3,Campus_12_Labs,1,35.02
2026-08-23 16:50:50,SENS_KSAC_1,KSAC_Ground,2,30.47
2026-08-23 17:00:50,SENS_CAMP_3,Campus_15_Main,2,26.34
2026-08-23 17:10:50,SENS_CAMP_2,Campus_15_Main,0,32.70
2026-08-23 17:20:50,SENS_KSAC_2,KSAC_Ground,2,34.24
2026-08-23 17:30:50,SENS_CAMP_2,Campus_6_Hostel,2,30.40
2026-08-23 17:40:50,SENS_CAMP_1,Campus_6_Hostel,2,33.59
2026-08-23 17:50:50,SENS_KSAC_1,KSAC_Ground,0,31.59
2026-08-23 18:00:50,SENS_KSAC_2,KSAC_Ground,3,28.85
2026-08-23 18:10:50,SENS_CAMP_3,Campus_15_Main,1,24.95
2026-08-23 18:20:50,SENS_CAMP_2,Campus_15_Main,1,24.98
2026-08-23 18:30:50,SENS_CAMP_1,Campus_6_Hostel,3,35.72
2026-08-23 18:40:50,SENS_CAMP_2,Campus_12_Labs,3,32.42
2026-08-23 18:50:50,SENS_CAMP_3,Campus_6_Hostel,1,28.26
2026-08-23 19:00:50,SENS_CAMP_2,Campus_6_Hostel,4,30.78
2026-08-23 19:10:50,SENS_KSAC_3,KSAC_Ground,0,32.32
2026-08-23 19:20:50,SENS_CAMP_3,Campus_15_Main,4,34.11
2026-08-23 19:30:50,SENS_KSAC_1,KSAC_Ground,3,31.80
2026-08-23 19:40:50,SENS_CAMP_3,Campus_6_Hostel,2,30.58
2026-08-23 19:50:50,SENS_KSAC_2,KSAC_Ground,0,33.32
2026-08-23 20:00:50,SENS_KSAC_1,KSAC_Ground,0,32.26
2026-08-23 20:10:50,SENS_CAMP_3,Campus_12_Labs,2,30.34
2026-08-23 20:20:50,SENS_CAMP_3,Campus_6_Hostel,24,24.62
2026-08-23 20:30:50,SENS_KSAC_1,KSAC_Ground,0,30.03
2026-08-23 20:40:50,SENS_CAMP_3,Campus_12_Labs,1,25.00
2026-08-23 20:50:50,SENS_CAMP_3,Campus_12_Labs,4,34.46
2026-08-23 21:00:50,SENS_KSAC_2,KSAC_Ground,1,34.76
2026-08-23 21:10:50,SENS_CAMP_1,Campus_15_Main,2,32.75
2026-08-23 21:20:50,SENS_CAMP_2,Campus_15_Main,3,26.68
2026-08-23 21:30:50,SENS_KSAC_1,KSAC_Ground,4,25.52
2026-08-23 21:40:50,SENS_CAMP_3,Campus_15_Main,1,34.44
2026-08-23 21:50:50,SENS_CAMP_1,Campus_12_Labs,1,33.78
2026-08-23 22:00:50,SENS_CAMP_3,Campus_12_Labs,3,33.65
2026-08-23 22:10:50,SENS_KSAC_3,KSAC_Ground,2,28.44
2026-08-23 22:20:50,SENS_CAMP_2,Campus_12_Labs,39,31.53
2026-08-23 22:30:50,SENS_CAMP_3,Campus_6_Hostel,4,27.35
2026-08-23 22:40:50,SENS_CAMP_2,Campus_12_Labs,3,33.23
2026-08-23 22:50:50,SENS_KSAC_1,KSAC_Ground,1,29.57
2026-08-23 23:00:50,SENS_KSAC_2,KSAC_Ground,1,24.71
2026-08-23 23:10:50,SENS_CAMP_2,Campus_6_Hostel,0,28.69
2026-08-23 23:20:50,SENS_CAMP_1,Campus_6_Hostel,0,26.09
2026-08-23 23:30:50,SENS_CAMP_3,Campus_15_Main,4,30.66
2026-08-23 23:40:50,SENS_CAMP_1,Campus_6_Hostel,2,27.69
2026-08-23 23:50:50,SENS_CAMP_3,Campus_15_Main,2,29.80
2026-08-24 00:00:50,SENS_CAMP_1,Campus_15_Main,1,25.24
2026-08-24 00:10:50,SENS_KSAC_1,KSAC_Ground,2,35.94
2026-08-24 00:20:50,SENS_CAMP_1,Campus_15_Main,2,26.74
2026-08-24 00:30:50,SENS_CAMP_3,Campus_6_Hostel,1,29.24
2026-08-24 00:40:50,SENS_CAMP_1,Campus_15_Main,4,33.39
2026-08-24 00:50:50,SENS_KSAC_3,KSAC_Ground,3,26.12
2026-08-24 01:00:50,SENS_CAMP_3,Campus_12_Labs,0,25.28
2026-08-24 01:10:50,SENS_CAMP_2,Campus_12_Labs,2,32.28
2026-08-24 01:20:50,SENS_CAMP_2,Campus_12_Labs,3,34.75
2026-08-24 01:30:50,SENS_CAMP_1,Campus_15_Main,2,32.73
2026-08-24 01:40:50,SENS_CAMP_3,Campus_6_Hostel,4,28.70
2026-08-24 01:50:50,SENS_CAMP_2,Campus_12_Labs,10,27.34
2026-08-24 02:00:50,SENS_CAMP_3,Campus_6_Hostel,2,29.66
2026-08-24 02:10:50,SENS_KSAC_2,KSAC_Ground,3,30.22
2026-08-24 02:20:50,SENS_CAMP_3,Campus_6_Hostel,2,30.16
2026-08-24 02:30:50,SENS_KSAC_1,KSAC_Ground,2,26.78
2026-08-24 02:40:50,SENS_CAMP_2,Campus_15_Main,4,24.46
2026-08-24 02:50:50,SENS_CAMP_2,Campus_15_Main,3,28.16
2026-08-24 03:00:50,SENS_CAMP_1,Campus_12_Labs,23,33.40
2026-08-24 03:10:50,SENS_CAMP_3,Campus_12_Labs,1,31.55
2026-08-24 03:20:50,SENS_CAMP_2,Campus_12_Labs,3,33.71
2026-08-24 03:30:50,SENS_CAMP_3,Campus_6_Hostel,1,27.09
2026-08-24 03:40:50,SENS_CAMP_2,Campus_15_Main,4,31.06
2026-08-24 03:50:50,SENS_KSAC_1,KSAC_Ground,3,27.51
2026-08-24 04:00:50,SENS_CAMP_1,Campus_6_Hostel,4,28.39
2026-08-24 04:10:50,SENS_KSAC_1,KSAC_Ground,2,24.61
2026-08-24 04:20:50,SENS_KSAC_3,KSAC_Ground,0,30.32
2026-08-24 04:30:50,SENS_CAMP_3,Campus_12_Labs,4,31.17
2026-08-24 04:40:50,SENS_CAMP_2,Campus_12_Labs,1,29.72
2026-08-24 04:50:50,SENS_CAMP_1,Campus_12_Labs,3,31.65
2026-08-24 05:00:50,SENS_CAMP_3,Campus_6_Hostel,4,32.55
2026-08-24 05:10:50,SENS_CAMP_1,Campus_15_Main,0,33.79
2026-08-24 05:20:50,SENS_CAMP_2,Campus_15_Main,2,30.88
2026-08-24 05:30:50,SENS_KSAC_2,KSAC_Ground,1,32.29
2026-08-24 05:40:50,SENS_CAMP_2,Campus_6_Hostel,3,34.41
2026-08-24 05:50:50,SENS_KSAC_1,KSAC_Ground,1,28.82
2026-08-24 06:00:50,SENS_CAMP_3,Campus_15_Main,2,35.01
2026-08-24 06:10:50,SENS_KSAC_1,KSAC_Ground,4,29.87
2026-08-24 06:20:50,SENS_CAMP_2,Campus_12_Labs,1,24.89
2026-08-24 06:30:50,SENS_CAMP_2,Campus_15_Main,0,31.23
2026-08-24 06:40:50,SENS_CAMP_2,Campus_6_Hostel,3,27.63
2026-08-24 06:50:50,SENS_CAMP_1,Campus_15_Main,4,27.36
2026-08-24 07:00:50,SENS_CAMP_1,Campus_12_Labs,4,32.44
2026-08-24 07:10:50,SENS_CAMP_1,Campus_6_Hostel,2,32.98
2026-08-24 07:20:50,SENS_CAMP_1,Campus_12_Labs,46,24.69
2026-08-24 07:30:50,SENS_CAMP_3,Campus_6_Hostel,4,34.62
2026-08-24 07:40:50,SENS_CAMP_2,Campus_15_Main,2,26.37
2026-08-24 07:50:50,SENS_CAMP_2,Campus_15_Main,4,31.05
2026-08-24 08:00:50,SENS_CAMP_3,Campus_6_Hostel,0,29.30
2026-08-24 08:10:50,SENS_CAMP_1,Campus_12_Labs,0,26.77
2026-08-24 08:20:50,SENS_CAMP_3,Campus_12_Labs,0,29.11
2026-08-24 08:30:50,SENS_CAMP_2,Campus_15_Main,3,34.23
2026-08-24 08:40:50,SENS_CAMP_1,Campus_15_Main,2,34.69
2026-08-24 08:50:50,SENS_CAMP_2,Campus_12_Labs,0,33.81
2026-08-24 09:00:50,SENS_CAMP_2,Campus_15_Main,0,30.24
2026-08-24 09:10:50,SENS_CAMP_3,Campus_15_Main,2,33.55
2026-08-24 09:20:50,SENS_KSAC_1,KSAC_Ground,0,33.48
2026-08-24 09:30:50,SENS_CAMP_3,Campus_15_Main,34,33.91
2026-08-24 09:40:50,SENS_CAMP_2,Campus_6_Hostel,27,30.44
2026-08-24 09:50:50,SENS_CAMP_2,Campus_15_Main,4,26.58
2026-08-24 10:00:50,SENS_CAMP_3,Campus_12_Labs,4,26.22
2026-08-24 10:10:50,SENS_CAMP_2,Campus_12_Labs,49,26.97
2026-08-24 10:20:50,SENS_CAMP_1,Campus_15_Main,0,30.18
2026-08-24 10:30:50,SENS_CAMP_1,Campus_12_Labs,2,30.01
2026-08-24 10:40:50,SENS_CAMP_2,Campus_12_Labs,0,27.42
2026-08-24 10:50:50,SENS_CAMP_1,Campus_12_Labs,0,29.05
2026-08-24 11:00:50,SENS_CAMP_3,Campus_15_Main,0,26.72
2026-08-24 11:10:50,SENS_CAMP_3,Campus_12_Labs,4,30.12
2026-08-24 11:20:50,SENS_CAMP_1,Campus_12_Labs,0,29.03
2026-08-24 11:30:50,SENS_CAMP_1,Campus_15_Main,40,25.53
2026-08-24 11:40:50,SENS_CAMP_1,Campus_12_Labs,4,24.28
2026-08-24 11:50:50,SENS_CAMP_1,Campus_12_Labs,2,33.32
2026-08-24 12:00:50,SENS_CAMP_1,Campus_6_Hostel,0,35.86
2026-08-24 12:10:50,SENS_CAMP_1,Campus_6_Hostel,4,32.50
2026-08-24 12:20:50,SENS_CAMP_3,Campus_12_Labs,1,35.96
2026-08-24 12:30:50,SENS_CAMP_3,Campus_6_Hostel,0,27.19
2026-08-24 12:40:50,SENS_CAMP_3,Campus_15_Main,3,29.88
2026-08-24 12:50:50,SENS_CAMP_3,Campus_15_Main,0,31.86
2026-08-24 13:00:50,SENS_KSAC_1,KSAC_Ground,1,28.35
2026-08-24 13:10:50,SENS_CAMP_3,Campus_6_Hostel,4,34.66
2026-08-24 13:20:50,SENS_CAMP_3,Campus_12_Labs,4,24.39
2026-08-24 13:30:50,SENS_KSAC_2,KSAC_Ground,16,24.56
2026-08-24 13:40:50,SENS_CAMP_1,Campus_12_Labs,0,30.68
2026-08-24 13:50:50,SENS_CAMP_3,Campus_6_Hostel,1,29.10
2026-08-24 14:00:50,SENS_CAMP_3,Campus_6_Hostel,1,30.59
2026-08-24 14:10:50,SENS_CAMP_1,Campus_6_Hostel,0,35.80
2026-08-24 14:20:50,SENS_CAMP_3,Campus_12_Labs,4,28.79
2026-08-24 14:30:50,SENS_CAMP_1,Campus_15_Main,3,33.46
2026-08-24 14:40:50,SENS_CAMP_2,Campus_12_Labs,3,32.07
2026-08-24 14:50:50,SENS_KSAC_3,KSAC_Ground,2,28.53
2026-08-24 15:00:50,SENS_CAMP_1,Campus_6_Hostel,0,30.80
2026-08-24 15:10:50,SENS_CAMP_2,Campus_12_Labs,1,28.86
2026-08-24 15:20:50,SENS_CAMP_3,Campus_6_Hostel,0,31.56
2026-08-24 15:30:50,SENS_CAMP_1,Campus_6_Hostel,0,35.04
2026-08-24 15:40:50,SENS_KSAC_3,KSAC_Ground,2,25.30
2026-08-24 15:50:50,SENS_CAMP_3,Campus_12_Labs,2,29.26
2026-08-24 16:00:50,SENS_CAMP_2,Campus_15_Main,2,30.16
2026-08-24 16:10:50,SENS_CAMP_2,Campus_15_Main,1,31.59
2026-08-24 16:20:50,SENS_CAMP_2,Campus_12_Labs,1,28.52
2026-08-24 16:30:50,SENS_KSAC_3,KSAC_Ground,3,34.28
2026-08-24 16:40:50,SENS_CAMP_3,Campus_15_Main,2,30.51
2026-08-24 16:50:50,SENS_KSAC_3,KSAC_Ground,4,33.91
2026-08-24 17:00:50,SENS_CAMP_1,Campus_15_Main,4,26.28
2026-08-24 17:10:50,SENS_CAMP_3,Campus_12_Labs,0,32.37
2026-08-24 17:20:50,SENS_CAMP_1,Campus_6_Hostel,12,34.47
2026-08-24 17:30:50,SENS_CAMP_1,Campus_6_Hostel,3,32.54
2026-08-24 17:40:50,SENS_CAMP_2,Campus_15_Main,0,32.38
2026-08-24 17:50:50,SENS_CAMP_2,Campus_12_Labs,2,24.65
2026-08-24 18:00:50,SENS_CAMP_3,Campus_12_Labs,2,32.74
2026-08-24 18:10:50,SENS_KSAC_2,KSAC_Ground,1,34.92
2026-08-24 18:20:50,SENS_CAMP_2,Campus_15_Main,0,25.25
2026-08-24 18:30:50,SENS_CAMP_1,Campus_15_Main,1,25.58
2026-08-24 18:40:50,SENS_CAMP_1,Campus_6_Hostel,2,25.29
2026-08-24 18:50:50,SENS_KSAC_1,KSAC_Ground,1,26.43
2026-08-24 19:00:50,SENS_CAMP_3,Campus_15_Main,0,25.85
2026-08-24 19:10:50,SENS_KSAC_3,KSAC_Ground,3,31.33
2026-08-24 19:20:50,SENS_CAMP_1,Campus_15_Main,2,30.13
2026-08-24 19:30:50,SENS_KSAC_2,KSAC_Ground,1,29.85
2026-08-24 19:40:50,SENS_CAMP_2,Campus_15_Main,2,28.42
2026-08-24 19:50:50,SENS_CAMP_3,Campus_15_Main,3,28.05
2026-08-24 20:00:50,SENS_KSAC_3,KSAC_Ground,35,30.57
2026-08-24 20:10:50,SENS_CAMP_3,Campus_15_Main,1,34.43
2026-08-24 20:20:50,SENS_CAMP_1,Campus_12_Labs,0,34.62
2026-08-24 20:30:50,SENS_KSAC_2,KSAC_Ground,4,25.60
2026-08-24 20:40:50,SENS_KSAC_3,KSAC_Ground,3,28.35
2026-08-24 20:50:50,SENS_KSAC_3,KSAC_Ground,4,29.21
2026-08-24 21:00:50,SENS_CAMP_2,Campus_15_Main,3,26.01
2026-08-24 21:10:50,SENS_CAMP_2,Campus_15_Main,0,25.81
2026-08-24 21:20:50,SENS_KSAC_2,KSAC_Ground,4,29.91
2026-08-24 21:30:50,SENS_CAMP_1,Campus_6_Hostel,3,32.45
2026-08-24 21:40:50,SENS_KSAC_2,KSAC_Ground,4,33.90
2026-08-24 21:50:50,SENS_CAMP_2,Campus_12_Labs,2,28.41
2026-08-24 22:00:50,SENS_CAMP_3,Campus_12_Labs,4,29.40
2026-08-24 22:10:50,SENS_CAMP_3,Campus_15_Main,3,25.63
2026-08-24 22:20:50,SENS_CAMP_2,Campus_12_Labs,3,27.33
2026-08-24 22:30:50,SENS_CAMP_2,Campus_12_Labs,3,30.58
2026-08-24 22:40:50,SENS_CAMP_1,Campus_12_Labs,2,29.78
2026-08-24 22:50:50,SENS_CAMP_2,Campus_6_Hostel,0,34.98
2026-08-24 23:00:50,SENS_CAMP_2,Campus_6_Hostel,0,35.33
2026-08-24 23:10:50,SENS_CAMP_2,Campus_12_Labs,4,30.25
2026-08-24 23:20:50,SENS_KSAC_1,KSAC_Ground,21,34.41
2026-08-24 23:30:50,SENS_CAMP_2,Campus_6_Hostel,0,30.96
2026-08-24 23:40:50,SENS_CAMP_2,Campus_12_Labs,1,35.04
2026-08-24 23:50:50,SENS_CAMP_2,Campus_6_Hostel,4,24.27
2026-08-25 00:00:50,SENS_KSAC_3,KSAC_Ground,2,33.56
2026-08-25 00:10:50,SENS_KSAC_1,KSAC_Ground,2,31.52
2026-08-25 00:20:50,SENS_CAMP_2,Campus_15_Main,40,31.35
2026-08-25 00:30:50,SENS_KSAC_1,KSAC_Ground,1,30.71
2026-08-25 00:40:50,SENS_CAMP_1,Campus_12_Labs,0,30.62
2026-08-25 00:50:50,SENS_KSAC_3,KSAC_Ground,39,35.92
2026-08-25 01:00:50,SENS_CAMP_3,Campus_12_Labs,4,30.94
2026-08-25 01:10:50,SENS_CAMP_2,Campus_12_Labs,4,33.65
2026-08-25 01:20:50,SENS_CAMP_1,Campus_15_Main,0,34.04
2026-08-25 01:30:50,SENS_CAMP_1,Campus_12_Labs,2,28.59
2026-08-25 01:40:50,SENS_CAMP_1,Campus_6_Hostel,0,28.37
2026-08-25 01:50:50,SENS_CAMP_2,Campus_15_Main,2,30.82
2026-08-25 02:00:50,SENS_CAMP_1,Campus_15_Main,1,35.16
2026-08-25 02:10:50,SENS_KSAC_3,KSAC_Ground,2,29.60
2026-08-25 02:20:50,SENS_CAMP_2,Campus_6_Hostel,4,34.18
2026-08-25 02:30:50,SENS_CAMP_3,Campus_15_Main,0,30.13
2026-08-25 02:40:50,SENS_KSAC_2,KSAC_Ground,4,32.59
2026-08-25 02:50:50,SENS_CAMP_3,Campus_15_Main,4,31.33
2026-08-25 03:00:50,SENS_KSAC_3,KSAC_Ground,2,31.95
2026-08-25 03:10:50,SENS_KSAC_1,KSAC_Ground,10,31.64
2026-08-25 03:20:50,SENS_CAMP_2,Campus_6_Hostel,2,34.81
2026-08-25 03:30:50,SENS_CAMP_3,Campus_6_Hostel,0,29.30
2026-08-25 03:40:50,SENS_CAMP_3,Campus_6_Hostel,3,26.73
2026-08-25 03:50:50,SENS_CAMP_1,Campus_6_Hostel,35,30.64
2026-08-25 04:00:50,SENS_KSAC_2,KSAC_Ground,1,24.39
2026-08-25 04:10:50,SENS_CAMP_1,Campus_6_Hostel,0,26.33
2026-08-25 04:20:50,SENS_CAMP_3,Campus_12_Labs,4,33.38
2026-08-25 04:30:50,SENS_KSAC_3,KSAC_Ground,2,25.52
2026-08-25 04:40:50,SENS_CAMP_3,Campus_6_Hostel,1,32.80
2026-08-25 04:50:50,SENS_CAMP_2,Campus_6_Hostel,0,32.02
2026-08-25 05:00:50,SENS_CAMP_1,Campus_6_Hostel,3,27.24
2026-08-25 05:10:50,SENS_CAMP_2,Campus_12_Labs,4,24.14
2026-08-25 05:20:50,SENS_KSAC_1,KSAC_Ground,1,28.82
2026-08-25 05:30:50,SENS_KSAC_3,KSAC_Ground,4,25.14
2026-08-25 05:40:50,SENS_CAMP_3,Campus_12_Labs,3,32.55
2026-08-25 05:50:50,SENS_KSAC_2,KSAC_Ground,1,33.47
2026-08-25 06:00:50,SENS_CAMP_3,Campus_12_Labs,0,35.31
2026-08-25 06:10:50,SENS_KSAC_3,KSAC_Ground,2,28.45
2026-08-25 06:20:50,SENS_CAMP_2,Campus_15_Main,0,33.22
2026-08-25 06:30:50,SENS_KSAC_3,KSAC_Ground,2,32.10
2026-08-25 06:40:50,SENS_KSAC_1,KSAC_Ground,0,34.90
2026-08-25 06:50:50,SENS_CAMP_2,Campus_15_Main,2,31.24
2026-08-25 07:00:50,SENS_KSAC_3,KSAC_Ground,28,35.42
2026-08-25 07:10:50,SENS_KSAC_1,KSAC_Ground,1,33.48
2026-08-25 07:20:50,SENS_CAMP_1,Campus_15_Main,1,25.80
2026-08-25 07:30:50,SENS_CAMP_2,Campus_15_Main,0,33.13
2026-08-25 07:40:50,SENS_CAMP_1,Campus_12_Labs,4,31.04
2026-08-25 07:50:50,SENS_KSAC_1,KSAC_Ground,4,29.63
2026-08-25 08:00:50,SENS_CAMP_2,Campus_6_Hostel,2,26.18
2026-08-25 08:10:50,SENS_KSAC_3,KSAC_Ground,2,27.50
2026-08-25 08:20:50,SENS_CAMP_3,Campus_6_Hostel,4,26.98
2026-08-25 08:30:50,SENS_KSAC_2,KSAC_Ground,2,29.31
2026-08-25 08:40:50,SENS_CAMP_2,Campus_12_Labs,27,27.94
2026-08-25 08:50:50,SENS_KSAC_2,KSAC_Ground,2,34.42
2026-08-25 09:00:50,SENS_CAMP_2,Campus_15_Main,50,29.58
2026-08-25 09:10:50,SENS_KSAC_3,KSAC_Ground,12,32.11
2026-08-25 09:20:50,SENS_CAMP_3,Campus_12_Labs,4,27.95
2026-08-25 09:30:50,SENS_CAMP_1,Campus_15_Main,3,25.01
2026-08-25 09:40:50,SENS_CAMP_3,Campus_12_Labs,2,33.40
2026-08-25 09:50:50,SENS_CAMP_1,Campus_6_Hostel,0,27.56
2026-08-25 10:00:50,SENS_CAMP_3,Campus_15_Main,2,32.58
2026-08-25 10:10:50,SENS_CAMP_3,Campus_6_Hostel,3,32.95
2026-08-25 10:20:50,SENS_CAMP_2,Campus_12_Labs,0,29.84
2026-08-25 10:30:50,SENS_CAMP_2,Campus_12_Labs,0,24.91
2026-08-25 10:40:50,SENS_KSAC_1,KSAC_Ground,1,29.03
2026-08-25 10:50:50,SENS_CAMP_2,Campus_12_Labs,0,24.27
2026-08-25 11:00:50,SENS_CAMP_1,Campus_15_Main,2,34.66
2026-08-25 11:10:50,SENS_CAMP_3,Campus_12_Labs,0,25.34
2026-08-25 11:20:50,SENS_KSAC_1,KSAC_Ground,4,24.29
2026-08-25 11:30:50,SENS_CAMP_3,Campus_15_Main,0,31.39
2026-08-25 11:40:50,SENS_CAMP_3,Campus_15_Main,0,24.60
2026-08-25 11:50:50,SENS_CAMP_1,Campus_12_Labs,4,30.14
2026-08-25 12:00:50,SENS_CAMP_2,Campus_6_Hostel,3,32.28
2026-08-25 12:10:50,SENS_KSAC_1,KSAC_Ground,0,27.94
2026-08-25 12:20:50,SENS_CAMP_1,Campus_12_Labs,0,27.54
2026-08-25 12:30:50,SENS_KSAC_1,KSAC_Ground,4,27.48
2026-08-25 12:40:50,SENS_CAMP_3,Campus_6_Hostel,4,28.70
2026-08-25 12:50:50,SENS_CAMP_2,Campus_15_Main,4,27.82
2026-08-25 13:00:50,SENS_CAMP_3,Campus_6_Hostel,2,35.96
2026-08-25 13:10:50,SENS_CAMP_3,Campus_6_Hostel,38,27.13
2026-08-25 13:20:50,SENS_CAMP_1,Campus_12_Labs,1,24.85
2026-08-25 13:30:50,SENS_CAMP_1,Campus_6_Hostel,2,26.82
2026-08-25 13:40:50,SENS_CAMP_2,Campus_15_Main,3,35.11
2026-08-25 13:50:50,SENS_CAMP_3,Campus_15_Main,0,29.21
2026-08-25 14:00:50,SENS_CAMP_1,Campus_6_Hostel,0,33.48
2026-08-25 14:10:50,SENS_CAMP_1,Campus_15_Main,4,31.06
2026-08-25 14:20:50,SENS_CAMP_3,Campus_15_Main,0,25.41
2026-08-25 14:30:50,SENS_CAMP_1,Campus_12_Labs,35,26.27
2026-08-25 14:40:50,SENS_CAMP_1,Campus_6_Hostel,3,35.76
2026-08-25 14:50:50,SENS_CAMP_1,Campus_12_Labs,4,33.24
2026-08-25 15:00:50,SENS_CAMP_1,Campus_6_Hostel,27,30.82
2026-08-25 15:10:50,SENS_CAMP_3,Campus_15_Main,2,34.71
2026-08-25 15:20:50,SENS_CAMP_2,Campus_6_Hostel,3,28.38
2026-08-25 15:30:50,SENS_CAMP_1,Campus_6_Hostel,2,26.54
2026-08-25 15:40:50,SENS_CAMP_1,Campus_15_Main,47,30.41
2026-08-25 15:50:50,SENS_CAMP_2,Campus_6_Hostel,19,32.82
2026-08-25 16:00:50,SENS_CAMP_3,Campus_15_Main,4,33.04
2026-08-25 16:10:50,SENS_CAMP_3,Campus_12_Labs,3,26.48
2026-08-25 16:20:50,SENS_CAMP_1,Campus_15_Main,0,27.30
2026-08-25 16:30:50,SENS_KSAC_3,KSAC_Ground,0,29.50
2026-08-25 16:40:50,SENS_CAMP_2,Campus_15_Main,1,28.96
2026-08-25 16:50:50,SENS_CAMP_3,Campus_15_Main,3,35.00
2026-08-25 17:00:50,SENS_CAMP_2,Campus_12_Labs,2,29.21
2026-08-25 17:10:50,SENS_CAMP_1,Campus_6_Hostel,3,30.11
2026-08-25 17:20:50,SENS_KSAC_2,KSAC_Ground,2,28.33
2026-08-25 17:30:50,SENS_KSAC_1,KSAC_Ground,3,27.75
2026-08-25 17:40:50,SENS_CAMP_1,Campus_12_Labs,4,24.49
2026-08-25 17:50:50,SENS_KSAC_1,KSAC_Ground,4,33.36
2026-08-25 18:00:50,SENS_CAMP_2,Campus_15_Main,24,28.35
2026-08-25 18:10:50,SENS_CAMP_1,Campus_15_Main,4,25.28
2026-08-25 18:20:50,SENS_KSAC_1,KSAC_Ground,2,28.36
2026-08-25 18:30:50,SENS_CAMP_1,Campus_15_Main,2,31.25
2026-08-25 18:40:50,SENS_KSAC_2,KSAC_Ground,3,28.48
2026-08-25 18:50:50,SENS_CAMP_3,Campus_12_Labs,1,33.15
2026-08-25 19:00:50,SENS_KSAC_3,KSAC_Ground,3,27.27
2026-08-25 19:10:50,SENS_KSAC_3,KSAC_Ground,3,29.98
2026-08-25 19:20:50,SENS_CAMP_3,Campus_12_Labs,1,27.66
2026-08-25 19:30:50,SENS_CAMP_3,Campus_12_Labs,3,24.24
2026-08-25 19:40:50,SENS_KSAC_1,KSAC_Ground,3,32.46
2026-08-25 19:50:50,SENS_CAMP_1,Campus_15_Main,1,31.28
2026-08-25 20:00:50,SENS_CAMP_3,Campus_12_Labs,1,29.14
2026-08-25 20:10:50,SENS_CAMP_3,Campus_12_Labs,0,25.92
2026-08-25 20:20:50,SENS_CAMP_1,Campus_6_Hostel,2,32.87
2026-08-25 20:30:50,SENS_KSAC_1,KSAC_Ground,4,32.73
2026-08-25 20:40:50,SENS_KSAC_3,KSAC_Ground,3,26.98
2026-08-25 20:50:50,SENS_CAMP_2,Campus_12_Labs,4,33.90
2026-08-25 21:00:50,SENS_CAMP_2,Campus_15_Main,2,25.34
2026-08-25 21:10:50,SENS_CAMP_2,Campus_15_Main,4,33.66
2026-08-25 21:20:50,SENS_KSAC_3,KSAC_Ground,4,31.57
2026-08-25 21:30:50,SENS_CAMP_2,Campus_6_Hostel,17,24.35
2026-08-25 21:40:50,SENS_CAMP_3,Campus_15_Main,1,24.48
2026-08-25 21:50:50,SENS_KSAC_3,KSAC_Ground,1,25.86
2026-08-25 22:00:50,SENS_CAMP_1,Campus_6_Hostel,3,28.07
2026-08-25 22:10:50,SENS_CAMP_2,Campus_6_Hostel,4,28.31
2026-08-25 22:20:50,SENS_KSAC_1,KSAC_Ground,45,30.73
2026-08-25 22:30:50,SENS_CAMP_3,Campus_6_Hostel,24,26.04
2026-08-25 22:40:50,SENS_CAMP_1,Campus_15_Main,2,31.19
2026-08-25 22:50:50,SENS_CAMP_2,Campus_12_Labs,0,35.32
2026-08-25 23:00:50,SENS_KSAC_3,KSAC_Ground,0,27.33
2026-08-25 23:10:50,SENS_CAMP_1,Campus_12_Labs,2,33.55
2026-08-25 23:20:50,SENS_CAMP_3,Campus_15_Main,3,34.68
2026-08-25 23:30:50,SENS_CAMP_2,Campus_6_Hostel,3,33.51
2026-08-25 23:40:50,SENS_CAMP_1,Campus_12_Labs,2,26.84
2026-08-25 23:50:50,SENS_KSAC_1,KSAC_Ground,1,28.65
2026-08-26 00:00:50,SENS_KSAC_2,KSAC_Ground,4,35.49
2026-08-26 00:10:50,SENS_KSAC_1,KSAC_Ground,2,30.28
2026-08-26 00:20:50,SENS_CAMP_3,Campus_6_Hostel,0,28.74
2026-08-26 00:30:50,SENS_CAMP_3,Campus_15_Main,2,27.58
2026-08-26 00:40:50,SENS_CAMP_1,Campus_6_Hostel,3,24.69
2026-08-26 00:50:50,SENS_KSAC_1,KSAC_Ground,50,29.03
2026-08-26 01:00:50,SENS_KSAC_2,KSAC_Ground,4,33.63
2026-08-26 01:10:50,SENS_CAMP_1,Campus_12_Labs,0,29.65
2026-08-26 01:20:50,SENS_CAMP_3,Campus_15_Main,4,27.61
2026-08-26 01:30:50,SENS_CAMP_2,Campus_12_Labs,0,30.45
2026-08-26 01:40:50,SENS_CAMP_2,Campus_12_Labs,11,32.67
2026-08-26 01:50:50,SENS_CAMP_2,Campus_6_Hostel,2,31.66
2026-08-26 02:00:50,SENS_CAMP_1,Campus_12_Labs,1,30.46
2026-08-26 02:10:50,SENS_KSAC_1,KSAC_Ground,0,24.10
2026-08-26 02:20:50,SENS_KSAC_2,KSAC_Ground,2,31.34
2026-08-26 02:30:50,SENS_KSAC_2,KSAC_Ground,0,28.70
2026-08-26 02:40:50,SENS_CAMP_2,Campus_12_Labs,2,32.33
2026-08-26 02:50:50,SENS_CAMP_2,Campus_12_Labs,0,31.43
2026-08-26 03:00:50,SENS_KSAC_3,KSAC_Ground,1,30.01
2026-08-26 03:10:50,SENS_CAMP_3,Campus_6_Hostel,4,25.31
2026-08-26 03:20:50,SENS_CAMP_3,Campus_12_Labs,3,31.21
2026-08-26 03:30:50,SENS_CAMP_1,Campus_6_Hostel,1,33.37
2026-08-26 03:40:50,SENS_CAMP_2,Campus_12_Labs,0,26.04
2026-08-26 03:50:50,SENS_CAMP_2,Campus_15_Main,0,31.13
2026-08-26 04:00:50,SENS_CAMP_1,Campus_15_Main,4,34.85
2026-08-26 04:10:50,SENS_CAMP_3,Campus_12_Labs,4,27.02
2026-08-26 04:20:50,SENS_CAMP_3,Campus_15_Main,3,31.84
2026-08-26 04:30:50,SENS_KSAC_2,KSAC_Ground,2,31.26
2026-08-26 04:40:50,SENS_CAMP_1,Campus_12_Labs,0,26.64
2026-08-26 04:50:50,SENS_CAMP_3,Campus_15_Main,4,35.85
2026-08-26 05:00:50,SENS_CAMP_1,Campus_12_Labs,2,31.43
2026-08-26 05:10:50,SENS_CAMP_2,Campus_6_Hostel,1,28.13
2026-08-26 05:20:50,SENS_KSAC_2,KSAC_Ground,3,30.86
2026-08-26 05:30:50,SENS_CAMP_3,Campus_12_Labs,3,32.30
2026-08-26 05:40:50,SENS_CAMP_3,Campus_6_Hostel,2,32.93
2026-08-26 05:50:50,SENS_CAMP_1,Campus_15_Main,4,29.88
2026-08-26 06:00:50,SENS_CAMP_2,Campus_6_Hostel,2,35.93
2026-08-26 06:10:50,SENS_CAMP_3,Campus_15_Main,27,28.46
2026-08-26 06:20:50,SENS_CAMP_3,Campus_6_Hostel,18,26.14
2026-08-26 06:30:50,SENS_CAMP_2,Campus_6_Hostel,0,30.15
2026-08-26 06:40:50,SENS_KSAC_3,KSAC_Ground,3,30.89
2026-08-26 06:50:50,SENS_KSAC_2,KSAC_Ground,0,27.63
2026-08-26 07:00:50,SENS_CAMP_2,Campus_6_Hostel,2,24.27
2026-08-26 07:10:50,SENS_CAMP_2,Campus_12_Labs,2,31.23
2026-08-26 07:20:50,SENS_CAMP_3,Campus_15_Main,0,34.60
2026-08-26 07:30:50,SENS_CAMP_2,Campus_6_Hostel,4,29.02
2026-08-26 07:40:50,SENS_CAMP_2,Campus_12_Labs,0,28.97
2026-08-26 07:50:50,SENS_CAMP_2,Campus_15_Main,2,31.49
2026-08-26 08:00:50,SENS_CAMP_1,Campus_12_Labs,13,33.53
2026-08-26 08:10:50,SENS_CAMP_3,Campus_15_Main,1,29.58
2026-08-26 08:20:50,SENS_CAMP_1,Campus_6_Hostel,0,30.35
2026-08-26 08:30:50,SENS_CAMP_3,Campus_6_Hostel,3,29.11
2026-08-26 08:40:50,SENS_KSAC_1,KSAC_Ground,0,31.96
2026-08-26 08:50:50,SENS_CAMP_3,Campus_15_Main,4,27.27
2026-08-26 09:00:50,SENS_CAMP_3,Campus_12_Labs,4,33.37
2026-08-26 09:10:50,SENS_CAMP_2,Campus_15_Main,0,34.51
2026-08-26 09:20:50,SENS_CAMP_3,Campus_15_Main,4,29.77
2026-08-26 09:30:50,SENS_CAMP_3,Campus_12_Labs,0,32.97
2026-08-26 09:40:50,SENS_CAMP_2,Campus_12_Labs,4,31.69
2026-08-26 09:50:50,SENS_CAMP_3,Campus_12_Labs,4,34.96
2026-08-26 10:00:50,SENS_CAMP_1,Campus_6_Hostel,2,27.70
2026-08-26 10:10:50,SENS_CAMP_3,Campus_6_Hostel,2,30.19
2026-08-26 10:20:50,SENS_CAMP_1,Campus_6_Hostel,4,27.04
2026-08-26 10:30:50,SENS_CAMP_3,Campus_15_Main,2,26.61
2026-08-26 10:40:50,SENS_CAMP_1,Campus_12_Labs,0,27.55
2026-08-26 10:50:50,SENS_KSAC_3,KSAC_Ground,3,28.54
2026-08-26 11:00:50,SENS_CAMP_1,Campus_15_Main,3,35.74
2026-08-26 11:10:50,SENS_CAMP_2,Campus_12_Labs,3,25.39
2026-08-26 11:20:50,SENS_CAMP_3,Campus_15_Main,37,27.45
2026-08-26 11:30:50,SENS_CAMP_1,Campus_6_Hostel,2,32.05
2026-08-26 11:40:50,SENS_CAMP_2,Campus_15_Main,2,34.81
2026-08-26 11:50:50,SENS_CAMP_1,Campus_6_Hostel,34,32.04
2026-08-26 12:00:50,SENS_CAMP_2,Campus_6_Hostel,4,24.61
2026-08-26 12:10:50,SENS_KSAC_2,KSAC_Ground,1,27.42
2026-08-26 12:20:50,SENS_KSAC_2,KSAC_Ground,1,28.65
2026-08-26 12:30:50,SENS_CAMP_1,Campus_12_Labs,2,28.92
2026-08-26 12:40:50,SENS_CAMP_1,Campus_12_Labs,0,24.09
2026-08-26 12:50:50,SENS_KSAC_3,KSAC_Ground,24,27.43
2026-08-26 13:00:50,SENS_CAMP_1,Campus_12_Labs,1,24.50
2026-08-26 13:10:50,SENS_CAMP_3,Campus_6_Hostel,1,31.47
2026-08-26 13:20:50,SENS_CAMP_3,Campus_12_Labs,0,35.65
2026-08-26 13:30:50,SENS_KSAC_2,KSAC_Ground,0,35.91
2026-08-26 13:40:50,SENS_CAMP_3,Campus_6_Hostel,3,32.84
2026-08-26 13:50:50,SENS_CAMP_3,Campus_6_Hostel,0,35.44
2026-08-26 14:00:50,SENS_CAMP_2,Campus_12_Labs,1,28.52
2026-08-26 14:10:50,SENS_CAMP_2,Campus_12_Labs,4,33.80
2026-08-26 14:20:50,SENS_CAMP_2,Campus_15_Main,4,25.20
2026-08-26 14:30:50,SENS_CAMP_2,Campus_12_Labs,2,25.43
2026-08-26 14:40:50,SENS_CAMP_1,Campus_6_Hostel,4,26.27
2026-08-26 14:50:50,SENS_CAMP_3,Campus_15_Main,1,31.17
2026-08-26 15:00:50,SENS_CAMP_1,Campus_12_Labs,1,29.71
2026-08-26 15:10:50,SENS_KSAC_1,KSAC_Ground,0,34.52
2026-08-26 15:20:50,SENS_CAMP_2,Campus_6_Hostel,0,31.49
2026-08-26 15:30:50,SENS_CAMP_3,Campus_15_Main,4,26.46
2026-08-26 15:40:50,SENS_CAMP_3,Campus_12_Labs,4,30.10
2026-08-26 15:50:50,SENS_CAMP_1,Campus_15_Main,14,34.91
2026-08-26 16:00:50,SENS_CAMP_1,Campus_12_Labs,1,35.20
2026-08-26 16:10:50,SENS_CAMP_3,Campus_12_Labs,32,32.95
2026-08-26 16:20:50,SENS_CAMP_2,Campus_12_Labs,16,28.25
2026-08-26 16:30:50,SENS_CAMP_1,Campus_15_Main,36,32.09
2026-08-26 16:40:50,SENS_CAMP_3,Campus_15_Main,4,26.21
2026-08-26 16:50:50,SENS_KSAC_2,KSAC_Ground,37,25.17
2026-08-26 17:00:50,SENS_CAMP_2,Campus_6_Hostel,1,35.02
2026-08-26 17:10:50,SENS_CAMP_1,Campus_12_Labs,2,29.67
2026-08-26 17:20:50,SENS_CAMP_3,Campus_15_Main,2,31.94
2026-08-26 17:30:50,SENS_CAMP_3,Campus_6_Hostel,48,25.81
2026-08-26 17:40:50,SENS_KSAC_2,KSAC_Ground,0,28.56
2026-08-26 17:50:50,SENS_KSAC_1,KSAC_Ground,0,28.59
2026-08-26 18:00:50,SENS_CAMP_3,Campus_6_Hostel,4,30.96
2026-08-26 18:10:50,SENS_CAMP_1,Campus_12_Labs,0,24.29
2026-08-26 18:20:50,SENS_CAMP_3,Campus_15_Main,2,31.81
2026-08-26 18:30:50,SENS_CAMP_1,Campus_6_Hostel,2,26.48
2026-08-26 18:40:50,SENS_CAMP_3,Campus_6_Hostel,1,25.55
2026-08-26 18:50:50,SENS_KSAC_2,KSAC_Ground,0,31.10
2026-08-26 19:00:50,SENS_CAMP_3,Campus_6_Hostel,2,35.44
2026-08-26 19:10:50,SENS_CAMP_1,Campus_15_Main,2,27.00
2026-08-26 19:20:50,SENS_CAMP_3,Campus_12_Labs,3,33.92
2026-08-26 19:30:50,SENS_CAMP_1,Campus_12_Labs,3,30.90
2026-08-26 19:40:50,SENS_KSAC_2,KSAC_Ground,2,31.84
2026-08-26 19:50:50,SENS_CAMP_2,Campus_15_Main,3,30.78
2026-08-26 20:00:50,SENS_CAMP_1,Campus_6_Hostel,1,24.79
2026-08-26 20:10:50,SENS_CAMP_1,Campus_12_Labs,1,31.48
2026-08-26 20:20:50,SENS_CAMP_1,Campus_6_Hostel,4,26.90
2026-08-26 20:30:50,SENS_CAMP_2,Campus_6_Hostel,4,34.85
2026-08-26 20:40:50,SENS_KSAC_3,KSAC_Ground,4,35.40
2026-08-26 20:50:50,SENS_CAMP_3,Campus_12_Labs,0,32.30
2026-08-26 21:00:50,SENS_KSAC_3,KSAC_Ground,3,28.33
2026-08-26 21:10:50,SENS_CAMP_1,Campus_15_Main,1,25.43
2026-08-26 21:20:50,SENS_CAMP_1,Campus_12_Labs,0,34.06
2026-08-26 21:30:50,SENS_CAMP_1,Campus_12_Labs,0,27.88
2026-08-26 21:40:50,SENS_CAMP_1,Campus_12_Labs,0,25.89
2026-08-26 21:50:50,SENS_KSAC_3,KSAC_Ground,3,28.28
2026-08-26 22:00:50,SENS_CAMP_2,Campus_12_Labs,2,32.83
2026-08-26 22:10:50,SENS_CAMP_1,Campus_6_Hostel,2,31.13
2026-08-26 22:20:50,SENS_CAMP_2,Campus_15_Main,0,31.41
2026-08-26 22:30:50,SENS_KSAC_2,KSAC_Ground,2,27.42
2026-08-26 22:40:50,SENS_CAMP_1,Campus_6_Hostel,2,24.93
2026-08-26 22:50:50,SENS_CAMP_2,Campus_6_Hostel,4,28.54
2026-08-26 23:00:50,SENS_CAMP_3,Campus_15_Main,4,34.37
2026-08-26 23:10:50,SENS_CAMP_3,Campus_6_Hostel,1,31.78
2026-08-26 23:20:50,SENS_CAMP_3,Campus_6_Hostel,1,34.00
2026-08-26 23:30:50,SENS_KSAC_3,KSAC_Ground,1,31.38
2026-08-26 23:40:50,SENS_CAMP_2,Campus_6_Hostel,4,28.55
2026-08-26 23:50:50,SENS_CAMP_3,Campus_12_Labs,1,34.11
2026-08-27 00:00:50,SENS_CAMP_3,Campus_12_Labs,0,34.80
2026-08-27 00:10:50,SENS_CAMP_3,Campus_12_Labs,4,31.28
2026-08-27 00:20:50,SENS_KSAC_2,KSAC_Ground,4,29.77
2026-08-27 00:30:50,SENS_CAMP_2,Campus_15_Main,0,29.71
2026-08-27 00:40:50,SENS_KSAC_2,KSAC_Ground,1,33.74
2026-08-27 00:50:50,SENS_CAMP_3,Campus_6_Hostel,1,27.87
2026-08-27 01:00:50,SENS_CAMP_1,Campus_15_Main,45,25.66
2026-08-27 01:10:50,SENS_CAMP_3,Campus_15_Main,3,28.00
2026-08-27 01:20:50,SENS_CAMP_3,Campus_15_Main,4,34.87
2026-08-27 01:30:50,SENS_KSAC_3,KSAC_Ground,3,31.74
2026-08-27 01:40:50,SENS_KSAC_2,KSAC_Ground,0,31.51
2026-08-27 01:50:50,SENS_CAMP_3,Campus_6_Hostel,4,33.30
2026-08-27 02:00:50,SENS_CAMP_3,Campus_6_Hostel,3,32.31
2026-08-27 02:10:50,SENS_CAMP_2,Campus_15_Main,4,33.00
2026-08-27 02:20:50,SENS_CAMP_2,Campus_6_Hostel,3,35.73
2026-08-27 02:30:50,SENS_CAMP_3,Campus_6_Hostel,4,35.74
2026-08-27 02:40:50,SENS_CAMP_2,Campus_6_Hostel,0,32.31
2026-08-27 02:50:50,SENS_KSAC_3,KSAC_Ground,0,24.52
2026-08-27 03:00:50,SENS_KSAC_3,KSAC_Ground,42,31.95
2026-08-27 03:10:50,SENS_CAMP_1,Campus_12_Labs,2,35.70
2026-08-27 03:20:50,SENS_CAMP_3,Campus_15_Main,3,34.77
2026-08-27 03:30:50,SENS_KSAC_3,KSAC_Ground,0,27.90
2026-08-27 03:40:50,SENS_CAMP_1,Campus_6_Hostel,0,34.13
2026-08-27 03:50:50,SENS_KSAC_3,KSAC_Ground,1,35.03
2026-08-27 04:00:50,SENS_CAMP_2,Campus_6_Hostel,3,25.67
2026-08-27 04:10:50,SENS_KSAC_3,KSAC_Ground,3,27.97
2026-08-27 04:20:50,SENS_KSAC_2,KSAC_Ground,20,34.79
2026-08-27 04:30:50,SENS_KSAC_1,KSAC_Ground,0,29.58
2026-08-27 04:40:50,SENS_CAMP_3,Campus_12_Labs,4,29.19
2026-08-27 04:50:50,SENS_KSAC_1,KSAC_Ground,1,26.98
2026-08-27 05:00:50,SENS_KSAC_1,KSAC_Ground,1,24.42
2026-08-27 05:10:50,SENS_KSAC_2,KSAC_Ground,4,27.93
2026-08-27 05:20:50,SENS_CAMP_2,Campus_6_Hostel,3,26.42
2026-08-27 05:30:50,SENS_CAMP_2,Campus_12_Labs,4,33.36
2026-08-27 05:40:50,SENS_KSAC_1,KSAC_Ground,3,31.66
2026-08-27 05:50:50,SENS_KSAC_3,KSAC_Ground,4,32.61
2026-08-27 06:00:50,SENS_KSAC_1,KSAC_Ground,4,29.40
2026-08-27 06:10:50,SENS_CAMP_3,Campus_6_Hostel,1,30.25
2026-08-27 06:20:50,SENS_KSAC_3,KSAC_Ground,4,35.97
2026-08-27 06:30:50,SENS_CAMP_2,Campus_6_Hostel,2,27.25
2026-08-27 06:40:50,SENS_CAMP_3,Campus_15_Main,1,28.98
2026-08-27 06:50:50,SENS_CAMP_3,Campus_15_Main,0,31.69
2026-08-27 07:00:50,SENS_CAMP_3,Campus_6_Hostel,2,33.94
2026-08-27 07:10:50,SENS_KSAC_1,KSAC_Ground,2,30.52
2026-08-27 07:20:50,SENS_CAMP_1,Campus_12_Labs,0,26.28
2026-08-27 07:30:50,SENS_KSAC_2,KSAC_Ground,4,31.62
2026-08-27 07:40:50,SENS_KSAC_1,KSAC_Ground,2,28.69
2026-08-27 07:50:50,SENS_KSAC_1,KSAC_Ground,4,25.89
2026-08-27 08:00:50,SENS_KSAC_2,KSAC_Ground,1,32.61
2026-08-27 08:10:50,SENS_CAMP_3,Campus_6_Hostel,0,29.68
2026-08-27 08:20:50,SENS_KSAC_1,KSAC_Ground,39,25.62
2026-08-27 08:30:50,SENS_CAMP_3,Campus_15_Main,0,24.62
2026-08-27 08:40:50,SENS_CAMP_1,Campus_15_Main,2,30.23
2026-08-27 08:50:50,SENS_CAMP_1,Campus_12_Labs,3,25.70
2026-08-27 09:00:50,SENS_CAMP_2,Campus_12_Labs,1,34.91
2026-08-27 09:10:50,SENS_CAMP_3,Campus_6_Hostel,4,25.25
2026-08-27 09:20:50,SENS_CAMP_1,Campus_6_Hostel,2,31.24
2026-08-27 09:30:50,SENS_KSAC_3,KSAC_Ground,0,34.76
2026-08-27 09:40:50,SENS_CAMP_2,Campus_12_Labs,0,30.49
2026-08-27 09:50:50,SENS_CAMP_1,Campus_12_Labs,0,25.08
2026-08-27 10:00:50,SENS_KSAC_1,KSAC_Ground,1,25.24
2026-08-27 10:10:50,SENS_CAMP_2,Campus_6_Hostel,0,33.02
2026-08-27 10:20:50,SENS_CAMP_3,Campus_12_Labs,2,31.68
2026-08-27 10:30:50,SENS_CAMP_3,Campus_6_Hostel,1,32.54
2026-08-27 10:40:50,SENS_KSAC_1,KSAC_Ground,4,35.77
2026-08-27 10:50:50,SENS_CAMP_3,Campus_12_Labs,1,31.83
2026-08-27 11:00:50,SENS_CAMP_2,Campus_6_Hostel,0,25.09
2026-08-27 11:10:50,SENS_CAMP_2,Campus_6_Hostel,1,26.75
2026-08-27 11:20:50,SENS_CAMP_1,Campus_6_Hostel,3,29.03
2026-08-27 11:30:50,SENS_KSAC_1,KSAC_Ground,1,30.46
2026-08-27 11:40:50,SENS_CAMP_1,Campus_15_Main,3,32.63
2026-08-27 11:50:50,SENS_CAMP_2,Campus_12_Labs,3,29.11
2026-08-27 12:00:50,SENS_KSAC_3,KSAC_Ground,4,29.11
2026-08-27 12:10:50,SENS_CAMP_1,Campus_15_Main,10,27.07
2026-08-27 12:20:50,SENS_CAMP_1,Campus_12_Labs,49,25.66
2026-08-27 12:30:50,SENS_CAMP_3,Campus_12_Labs,1,33.05
2026-08-27 12:40:50,SENS_CAMP_2,Campus_12_Labs,0,30.40
2026-08-27 12:50:50,SENS_CAMP_2,Campus_6_Hostel,1,35.43
2026-08-27 13:00:50,SENS_KSAC_2,KSAC_Ground,1,33.29
2026-08-27 13:10:50,SENS_CAMP_2,Campus_15_Main,0,35.73
2026-08-27 13:20:50,SENS_CAMP_1,Campus_6_Hostel,4,33.95
2026-08-27 13:30:50,SENS_CAMP_3,Campus_6_Hostel,3,33.10
2026-08-27 13:40:50,SENS_CAMP_2,Campus_15_Main,4,28.39
2026-08-27 13:50:50,SENS_CAMP_2,Campus_15_Main,2,31.13
2026-08-27 14:00:50,SENS_CAMP_2,Campus_15_Main,25,32.44
2026-08-27 14:10:50,SENS_CAMP_2,Campus_15_Main,3,35.25
2026-08-27 14:20:50,SENS_CAMP_2,Campus_12_Labs,0,24.65
2026-08-27 14:30:50,SENS_CAMP_2,Campus_12_Labs,4,27.90
2026-08-27 14:40:50,SENS_KSAC_1,KSAC_Ground,3,32.48
2026-08-27 14:50:50,SENS_CAMP_2,Campus_15_Main,1,26.65
2026-08-27 15:00:50,SENS_CAMP_3,Campus_15_Main,2,24.73
2026-08-27 15:10:50,SENS_KSAC_3,KSAC_Ground,1,32.51
2026-08-27 15:20:50,SENS_CAMP_3,Campus_12_Labs,2,30.14
2026-08-27 15:30:50,SENS_CAMP_1,Campus_6_Hostel,2,27.24
2026-08-27 15:40:50,SENS_CAMP_3,Campus_15_Main,3,27.72
2026-08-27 15:50:50,SENS_CAMP_1,Campus_6_Hostel,2,35.55
2026-08-27 16:00:50,SENS_CAMP_2,Campus_15_Main,1,31.88
2026-08-27 16:10:50,SENS_CAMP_1,Campus_6_Hostel,2,29.10
2026-08-27 16:20:50,SENS_CAMP_3,Campus_6_Hostel,2,29.58
