YEAR,MO,DY,PRECTOTCORR,T2M,WS10M
2021,1,1,0.0,17.82,2.05
2021,1,2,0.0,17.71,1.64
2021,1,3,0.0,18.48,1.7
2021,1,4,0.0,18.9,1.95
2021,1,5,0.0,19.37,2.16
2021,1,6,0.0,21.25,1.39
2021,1,7,0.0,21.98,1.37
2021,1,8,0.0,21.99,1.83
2021,1,9,0.0,21.69,1.92
2021,1,10,0.0,22.4,1.29
2021,1,11,0.0,22.79,1.7
2021,1,12,0.0,22.05,1.93
2021,1,13,0.0,21.12,1.53
2021,1,14,0.0,20.59,1.67
2021,1,15,0.0,18.47,2.07
2021,1,16,0.0,18.42,1.93
2021,1,17,0.0,17.89,2.59
2021,1,18,0.0,18.15,1.73
2021,1,19,0.0,19.63,1.69
2021,1,20,0.0,21.63,2.37
2021,1,21,0.0,21.23,1.9
2021,1,22,0.0,19.11,1.83
2021,1,23,0.0,19.31,1.76
2021,1,24,0.0,20.46,1.65
2021,1,25,0.0,22.15,1.51
2021,1,26,0.02,22.1,1.85
2021,1,27,0.0,20.51,2.3
2021,1,28,0.0,20.27,2.17
2021,1,29,0.14,20.87,1.34
2021,1,30,0.01,21.38,2.07
2021,1,31,0.0,18.81,2.17
2021,2,1,0.0,18.4,1.78
2021,2,2,0.0,19.43,1.35
2021,2,3,0.0,20.02,1.26
2021,2,4,0.0,20.22,1.69
2021,2,5,0.0,20.59,1.5
2021,2,6,0.0,21.1,2.0
2021,2,7,0.0,21.88,1.06
2021,2,8,0.0,20.97,1.86
2021,2,9,0.0,20.95,1.26
2021,2,10,0.0,21.51,2.16
2021,2,11,0.0,21.87,2.2
2021,2,12,0.0,22.7,2.16
2021,2,13,0.0,23.31,2.54
2021,2,14,0.0,23.4,1.98
2021,2,15,0.0,24.3,1.95
2021,2,16,0.03,24.22,1.57
2021,2,17,0.24,24.62,1.86
2021,2,18,0.02,24.74,1.55
2021,2,19,0.01,24.49,2.46
2021,2,20,0.0,23.48,2.71
2021,2,21,0.0,24.3,2.24
2021,2,22,0.0,24.5,1.93
2021,2,23,0.0,24.42,2.74
2021,2,24,0.0,24.77,3.17
2021,2,25,0.0,25.49,3.29
2021,2,26,0.0,26.15,3.45
2021,2,27,0.0,26.58,2.75
2021,2,28,0.0,26.89,2.57
2021,3,1,0.0,27.96,2.66
2021,3,2,0.0,27.69,1.6
2021,3,3,0.0,26.19,2.37
2021,3,4,0.0,26.33,1.99
2021,3,5,0.0,27.01,3.53
2021,3,6,0.0,27.44,3.3
2021,3,7,0.01,27.22,1.68
2021,3,8,0.02,27.04,2.23
2021,3,9,0.0,27.74,3.69
2021,3,10,0.0,28.62,3.48
2021,3,11,0.2,28.39,3.44
2021,3,12,2.7,27.72,2.81
2021,3,13,0.95,27.9,2.4
2021,3,14,0.06,28.19,0.97
2021,3,15,0.0,28.39,1.89
2021,3,16,0.01,28.93,1.98
2021,3,17,0.01,29.71,1.71
2021,3,18,0.0,30.11,1.67
2021,3,19,0.0,30.0,1.76
2021,3,20,0.0,30.0,2.49
2021,3,21,0.0,31.5,2.45
2021,3,22,0.0,31.63,1.33
2021,3,23,0.0,31.65,2.16
2021,3,24,0.0,32.36,2.15
2021,3,25,0.0,32.11,2.23
2021,3,26,0.0,31.87,1.99
2021,3,27,0.58,31.69,2.14
2021,3,28,3.31,30.73,3.0
2021,3,29,0.04,31.72,3.38
2021,3,30,0.04,32.67,4.34
2021,3,31,0.0,33.12,4.01
2021,4,1,0.01,31.79,2.74
2021,4,2,0.02,32.02,2.15
2021,4,3,0.03,31.55,3.58
2021,4,4,0.43,31.82,2.55
2021,4,5,1.57,30.92,3.27
2021,4,6,0.05,30.57,4.46
2021,4,7,0.03,30.78,5.24
2021,4,8,3.13,30.83,5.79
2021,4,9,5.27,29.88,4.72
2021,4,10,1.04,30.11,3.04
2021,4,11,0.07,31.59,3.06
2021,4,12,0.5,32.01,2.83
2021,4,13,0.19,32.49,3.16
2021,4,14,1.41,32.68,3.63
2021,4,15,0.99,31.52,3.75
2021,4,16,0.14,31.57,4.19
2021,4,17,0.14,31.55,4.54
2021,4,18,0.62,31.9,4.78
2021,4,19,4.82,32.0,2.94
2021,4,20,0.18,32.43,4.32
2021,4,21,0.36,32.74,4.58
2021,4,22,1.9,32.56,2.47
2021,4,23,0.88,32.77,1.94
2021,4,24,1.46,33.36,2.42
2021,4,25,0.06,33.76,3.69
2021,4,26,0.06,32.84,4.13
2021,4,27,0.09,33.34,3.31
2021,4,28,0.2,32.75,4.18
2021,4,29,0.14,30.77,4.24
2021,4,30,0.67,31.51,4.98
2021,5,1,2.79,31.99,3.63
2021,5,2,0.49,32.31,4.08
2021,5,3,4.27,32.27,4.06
2021,5,4,7.27,30.84,3.71
2021,5,5,2.02,31.41,4.18
2021,5,6,3.34,31.36,4.14
2021,5,7,4.33,31.88,4.18
2021,5,8,6.68,31.42,3.14
2021,5,9,9.04,31.23,4.05
2021,5,10,7.63,31.35,2.85
2021,5,11,9.03,32.2,2.87
2021,5,12,11.6,31.78,2.8
2021,5,13,10.18,32.91,3.69
2021,5,14,11.32,32.3,3.27
2021,5,15,0.35,32.42,3.52
2021,5,16,0.22,31.48,3.82
2021,5,17,0.01,32.12,4.07
2021,5,18,0.0,32.94,4.56
2021,5,19,0.01,32.83,4.49
2021,5,20,0.1,31.58,4.99
2021,5,21,12.55,31.22,4.22
2021,5,22,2.38,31.27,2.27
2021,5,23,0.97,31.88,2.62
2021,5,24,6.26,30.89,4.78
2021,5,25,52.4,26.61,7.98
2021,5,26,78.53,26.92,10.59
2021,5,27,0.13,29.54,6.18
2021,5,28,1.31,30.67,2.95
2021,5,29,0.22,30.67,3.42
2021,5,30,0.21,29.96,3.19
2021,5,31,0.41,31.26,3.04
2021,6,1,4.15,30.74,2.03
2021,6,2,8.45,29.83,1.72
2021,6,3,4.91,29.69,2.62
2021,6,4,0.19,30.57,2.3
2021,6,5,1.54,30.86,2.91
2021,6,6,1.91,31.07,3.05
2021,6,7,1.8,31.28,3.26
2021,6,8,12.33,30.12,3.75
2021,6,9,15.36,28.54,2.08
2021,6,10,2.9,27.19,3.09
2021,6,11,9.31,28.51,2.41
2021,6,12,33.92,28.35,2.21
2021,6,13,20.15,27.82,3.45
2021,6,14,14.22,28.83,3.1
2021,6,15,3.68,28.63,3.69
2021,6,16,3.95,29.08,3.48
2021,6,17,5.32,27.85,3.55
2021,6,18,4.87,27.24,3.53
2021,6,19,4.2,27.86,4.39
2021,6,20,3.61,28.25,3.03
2021,6,21,2.57,29.2,2.35
2021,6,22,47.95,27.41,3.1
2021,6,23,4.55,28.03,4.05
2021,6,24,6.29,28.06,4.9
2021,6,25,2.99,27.81,2.12
2021,6,26,0.75,28.78,2.28
2021,6,27,2.59,27.91,3.04
2021,6,28,0.88,27.84,3.66
2021,6,29,0.34,28.75,3.93
2021,6,30,2.42,28.66,4.57
2021,7,1,0.74,28.89,3.84
2021,7,2,11.38,28.12,3.43
2021,7,3,2.5,28.13,2.14
2021,7,4,8.38,28.31,2.78
2021,7,5,4.79,28.28,2.22
2021,7,6,2.36,28.74,2.12
2021,7,7,19.82,27.94,2.23
2021,7,8,5.9,27.72,3.49
2021,7,9,6.14,28.29,3.53
2021,7,10,6.28,28.32,2.85
2021,7,11,7.49,27.68,3.66
2021,7,12,13.23,28.09,3.95
2021,7,13,8.87,27.76,3.68
2021,7,14,8.31,28.13,3.72
2021,7,15,1.4,28.33,3.33
2021,7,16,0.31,28.42,3.18
2021,7,17,0.17,28.26,3.29
2021,7,18,0.89,28.58,3.59
2021,7,19,4.25,28.42,2.66
2021,7,20,23.74,28.91,1.67
2021,7,21,15.54,28.58,2.55
2021,7,22,39.52,28.03,2.93
2021,7,23,19.87,28.53,2.78
2021,7,24,5.83,28.34,4.05
2021,7,25,1.58,29.01,3.64
2021,7,26,0.89,27.95,3.55
2021,7,27,8.84,27.83,4.24
2021,7,28,2.03,27.39,4.97
2021,7,29,6.86,26.52,5.84
2021,7,30,12.66,26.49,6.33
2021,7,31,0.13,27.95,4.3
2021,8,1,4.81,27.95,3.03
2021,8,2,1.49,28.47,2.49
2021,8,3,2.6,27.45,3.73
2021,8,4,4.79,27.07,3.39
2021,8,5,2.02,28.08,2.6
2021,8,6,6.23,28.64,2.38
2021,8,7,5.26,28.13,2.55
2021,8,8,3.77,28.44,2.89
2021,8,9,3.82,28.55,2.75
2021,8,10,10.31,28.64,2.85
2021,8,11,4.34,28.64,2.77
2021,8,12,4.59,28.93,2.28
2021,8,13,0.24,28.61,1.78
2021,8,14,6.3,29.12,1.95
2021,8,15,3.89,28.97,1.58
2021,8,16,3.48,28.37,2.57
2021,8,17,8.76,27.69,1.77
2021,8,18,4.58,27.53,4.12
2021,8,19,3.23,27.57,4.14
2021,8,20,11.51,27.17,3.62
2021,8,21,5.8,27.61,3.7
2021,8,22,0.6,27.64,2.81
2021,8,23,2.74,28.12,2.67
2021,8,24,7.65,28.38,2.51
2021,8,25,3.84,27.69,2.45
2021,8,26,18.83,27.11,2.96
2021,8,27,16.4,26.73,1.99
2021,8,28,11.12,27.61,2.46
2021,8,29,12.73,27.39,3.64
2021,8,30,10.37,27.37,4.49
2021,8,31,2.98,27.37,3.95
2021,9,1,5.9,27.51,1.92
2021,9,2,0.49,27.55,1.42
2021,9,3,0.13,27.69,1.72
2021,9,4,4.56,27.79,1.85
2021,9,5,12.63,27.89,2.69
2021,9,6,19.5,27.21,5.06
2021,9,7,12.19,27.21,4.67
2021,9,8,10.33,27.11,3.16
2021,9,9,5.16,27.5,1.26
2021,9,10,5.56,27.39,2.22
2021,9,11,7.82,26.78,3.49
2021,9,12,128.04,26.89,4.48
2021,9,13,91.87,26.74,6.79
2021,9,14,34.65,27.55,6.11
2021,9,15,10.14,27.37,3.87
2021,9,16,4.57,27.36,2.03
2021,9,17,2.38,26.23,1.41
2021,9,18,9.79,26.21,2.04
2021,9,19,18.09,25.8,2.07
2021,9,20,8.35,26.69,2.62
2021,9,21,8.65,26.84,2.41
2021,9,22,7.17,26.83,2.38
2021,9,23,3.69,26.52,2.76
2021,9,24,0.17,27.18,1.93
2021,9,25,2.04,27.66,1.51
2021,9,26,11.56,26.63,4.79
2021,9,27,10.22,26.83,4.99
2021,9,28,7.32,26.61,2.25
2021,9,29,2.08,26.19,2.17
2021,9,30,2.46,26.67,2.39
2021,10,1,0.27,26.98,2.34
2021,10,2,0.25,27.41,2.27
2021,10,3,0.99,27.53,2.74
2021,10,4,21.63,27.61,1.89
2021,10,5,17.31,26.95,1.77
2021,10,6,1.22,27.36,1.51
2021,10,7,4.16,27.59,1.67
2021,10,8,6.26,28.08,1.85
2021,10,9,4.67,27.95,1.57
2021,10,10,3.05,27.49,2.06
2021,10,11,1.03,27.38,1.59
2021,10,12,0.2,27.65,1.19
2021,10,13,1.1,26.9,1.89
2021,10,14,9.72,26.73,2.02
2021,10,15,7.21,27.01,2.71
2021,10,16,18.11,26.51,2.25
2021,10,17,11.67,26.47,2.11
2021,10,18,14.66,26.63,3.73
2021,10,19,9.15,27.1,3.79
2021,10,20,2.58,26.62,2.64
2021,10,21,0.01,25.78,2.5
2021,10,22,0.0,24.34,2.51
2021,10,23,0.0,24.18,1.95
2021,10,24,0.0,24.99,1.31
2021,10,25,0.0,24.72,1.33
2021,10,26,0.3,24.07,2.08
2021,10,27,3.57,24.69,3.52
2021,10,28,4.45,24.32,4.18
2021,10,29,3.36,24.74,3.63
2021,10,30,0.21,24.68,2.35
2021,10,31,0.03,24.84,2.03
2021,11,1,3.32,24.64,1.46
2021,11,2,0.38,24.14,2.65
2021,11,3,0.0,24.06,2.29
2021,11,4,0.0,24.14,1.87
2021,11,5,0.0,23.76,1.89
2021,11,6,0.0,23.02,1.89
2021,11,7,0.0,21.61,2.16
2021,11,8,0.0,20.9,2.28
2021,11,9,0.0,20.94,2.29
2021,11,10,0.03,20.87,2.58
2021,11,11,1.47,22.04,2.9
2021,11,12,27.83,23.9,3.43
2021,11,13,11.59,24.65,2.84
2021,11,14,8.96,25.2,2.45
2021,11,15,9.56,25.38,1.81
2021,11,16,2.25,24.86,2.57
2021,11,17,0.08,23.44,3.24
2021,11,18,0.0,22.67,2.47
2021,11,19,0.09,23.23,2.26
2021,11,20,1.03,23.6,2.3
2021,11,21,0.13,24.03,1.58
2021,11,22,2.75,25.72,0.71
2021,11,23,2.64,25.59,1.37
2021,11,24,0.49,23.78,2.48
2021,11,25,0.01,22.77,1.95
2021,11,26,0.02,22.28,1.93
2021,11,27,0.0,21.0,2.2
2021,11,28,0.0,19.49,2.6
2021,11,29,0.0,18.82,2.71
2021,11,30,0.0,18.87,2.6
2021,12,1,0.0,19.1,2.38
2021,12,2,0.0,19.65,2.33
2021,12,3,1.06,19.57,3.17
2021,12,4,13.8,20.93,5.82
2021,12,5,31.99,23.36,5.11
2021,12,6,18.7,24.07,1.93
2021,12,7,0.06,22.15,2.67
2021,12,8,0.04,21.25,3.17
2021,12,9,3.54,20.66,3.53
2021,12,10,0.1,21.3,2.19
2021,12,11,0.0,21.3,1.92
2021,12,12,0.0,19.57,2.89
2021,12,13,0.0,19.23,2.24
2021,12,14,0.0,19.08,1.71
2021,12,15,0.0,18.75,1.67
2021,12,16,0.0,17.89,2.68
2021,12,17,0.0,17.5,2.35
2021,12,18,0.0,18.62,2.45
2021,12,19,0.0,18.0,1.56
2021,12,20,0.0,16.11,1.99
2021,12,21,0.0,14.31,2.39
2021,12,22,0.0,14.1,2.66
2021,12,23,0.0,15.61,1.81
2021,12,24,0.0,17.47,1.27
2021,12,25,0.0,18.66,1.44
2021,12,26,0.0,19.97,1.53
2021,12,27,0.03,20.13,1.53
2021,12,28,0.92,19.8,2.09
2021,12,29,2.56,19.95,2.09
2021,12,30,2.55,19.88,2.43
2021,12,31,0.01,19.3,2.28
2022,1,1,0.0,18.71,2.23
2022,1,2,0.0,17.76,2.16
2022,1,3,0.0,17.32,1.93
2022,1,4,0.0,17.37,1.84
2022,1,5,0.0,18.07,1.43
2022,1,6,0.0,19.26,1.11
2022,1,7,0.0,18.99,1.77
2022,1,8,0.0,18.53,1.77
2022,1,9,0.0,18.95,1.47
2022,1,10,0.0,19.82,1.13
2022,1,11,3.93,20.17,1.5
2022,1,12,11.32,18.69,2.04
2022,1,13,4.41,19.02,2.43
2022,1,14,4.45,18.91,4.09
2022,1,15,2.03,18.03,2.81
2022,1,16,0.0,17.8,2.52
2022,1,17,0.0,17.27,1.95
2022,1,18,0.0,17.06,1.54
2022,1,19,0.0,17.3,1.27
2022,1,20,0.0,17.74,1.7
2022,1,21,0.03,18.55,1.58
2022,1,22,0.04,19.91,1.39
2022,1,23,6.24,20.86,2.82
2022,1,24,4.4,21.0,2.71
2022,1,25,0.01,19.56,1.47
2022,1,26,0.08,18.98,1.9
2022,1,27,0.0,16.6,2.77
2022,1,28,0.0,15.25,2.71
2022,1,29,0.0,14.64,2.53
2022,1,30,0.0,15.58,2.84
2022,1,31,0.0,17.58,2.08
2022,2,1,0.0,18.36,2.57
2022,2,2,0.0,18.86,1.96
2022,2,3,0.12,19.89,3.07
2022,2,4,9.0,21.51,4.2
2022,2,5,0.05,17.3,3.1
2022,2,6,0.0,17.44,2.02
2022,2,7,0.0,18.16,1.47
2022,2,8,0.0,18.26,1.87
2022,2,9,0.0,19.42,1.99
2022,2,10,0.01,20.27,2.12
2022,2,11,0.0,19.51,2.53
2022,2,12,0.0,18.16,2.84
2022,2,13,0.0,18.42,1.93
2022,2,14,0.0,18.88,1.52
2022,2,15,0.0,19.14,1.55
2022,2,16,0.0,19.92,1.87
2022,2,17,0.33,21.4,1.71
2022,2,18,0.29,21.48,1.6
2022,2,19,0.08,21.93,1.48
2022,2,20,8.65,22.68,2.75
2022,2,21,0.25,22.18,1.61
2022,2,22,0.0,21.82,1.63
2022,2,23,0.03,22.91,1.99
2022,2,24,0.0,23.18,2.86
2022,2,25,0.28,23.56,2.81
2022,2,26,0.44,23.52,1.8
2022,2,27,0.04,23.76,1.79
2022,2,28,0.0,24.66,2.11
2022,3,1,0.06,25.05,1.62
2022,3,2,0.13,24.77,1.61
2022,3,3,0.0,25.04,1.41
2022,3,4,0.0,25.13,1.54
2022,3,5,0.0,25.92,1.7
2022,3,6,0.0,25.36,2.42
2022,3,7,0.0,25.67,1.45
2022,3,8,0.0,26.21,1.16
2022,3,9,0.0,26.04,1.64
2022,3,10,0.0,27.0,1.53
2022,3,11,0.0,26.77,1.6
2022,3,12,0.0,26.88,1.12
2022,3,13,0.0,26.67,2.08
2022,3,14,0.0,27.73,1.15
2022,3,15,0.0,27.83,1.76
2022,3,16,0.0,28.1,2.78
2022,3,17,0.0,28.51,3.83
2022,3,18,0.0,28.01,3.82
2022,3,19,0.0,27.63,2.89
2022,3,20,0.0,28.35,3.3
2022,3,21,0.0,29.16,2.58
2022,3,22,0.0,30.07,2.58
2022,3,23,0.0,30.14,3.1
2022,3,24,0.0,29.72,3.49
2022,3,25,0.0,29.8,4.22
2022,3,26,0.0,31.01,4.15
2022,3,27,0.0,31.15,1.87
2022,3,28,0.0,30.73,2.31
2022,3,29,0.0,30.26,3.55
2022,3,30,0.0,30.41,4.02
2022,3,31,0.0,30.44,4.74
2022,4,1,0.0,30.62,5.49
2022,4,2,0.0,31.01,5.04
2022,4,3,0.0,30.67,4.53
2022,4,4,0.0,30.55,5.74
2022,4,5,0.0,30.58,5.05
2022,4,6,0.02,30.28,4.6
2022,4,7,0.12,30.36,4.4
2022,4,8,0.06,30.62,4.95
2022,4,9,0.03,31.31,5.09
2022,4,10,0.01,31.7,5.42
2022,4,11,0.01,31.96,5.57
2022,4,12,0.01,32.12,4.6
2022,4,13,0.1,31.91,5.1
2022,4,14,0.01,32.99,5.06
2022,4,15,0.01,33.82,4.54
2022,4,16,0.08,33.87,5.36
2022,4,17,0.08,33.44,5.63
2022,4,18,0.01,33.4,3.88
2022,4,19,0.04,32.63,5.03
2022,4,20,0.04,32.74,5.69
2022,4,21,0.08,31.89,6.43
2022,4,22,0.16,33.48,3.77
2022,4,23,0.02,34.21,3.29
2022,4,24,0.04,35.11,3.52
2022,4,25,0.3,34.3,3.84
2022,4,26,0.04,33.77,4.24
2022,4,27,0.02,33.86,4.6
2022,4,28,0.03,34.55,4.16
2022,4,29,0.02,34.77,3.91
2022,4,30,0.02,33.84,5.97
2022,5,1,0.22,32.9,6.47
2022,5,2,0.44,33.69,4.76
2022,5,3,5.61,32.58,6.15
2022,5,4,13.58,31.67,4.78
2022,5,5,8.74,31.86,3.02
2022,5,6,11.39,31.58,2.27
2022,5,7,0.07,32.52,2.58
2022,5,8,0.01,32.13,3.43
2022,5,9,1.11,30.55,4.72
2022,5,10,13.19,29.07,4.45
2022,5,11,3.87,29.91,4.62
2022,5,12,1.61,31.12,5.58
2022,5,13,0.18,31.97,6.41
2022,5,14,0.04,32.47,6.55
2022,5,15,0.06,31.48,6.45
2022,5,16,0.27,32.22,5.51
2022,5,17,0.02,31.86,5.55
2022,5,18,0.06,31.28,4.47
2022,5,19,0.08,32.52,5.52
2022,5,20,0.07,33.15,5.49
2022,5,21,4.86,33.79,5.99
2022,5,22,17.83,31.96,3.67
2022,5,23,4.16,33.28,2.71
2022,5,24,7.74,31.84,2.44
2022,5,25,0.97,32.99,2.26
2022,5,26,0.2,33.41,2.93
2022,5,27,0.43,34.25,4.08
2022,5,28,0.87,34.9,3.3
2022,5,29,0.64,35.41,2.98
2022,5,30,4.34,33.03,2.54
2022,5,31,0.42,33.36,2.66
2022,6,1,1.84,31.59,4.28
2022,6,2,0.83,32.22,4.01
2022,6,3,1.67,31.35,4.25
2022,6,4,1.78,31.34,4.98
2022,6,5,1.43,31.18,4.77
2022,6,6,0.57,31.3,4.5
2022,6,7,0.04,32.36,4.75
2022,6,8,0.75,32.09,4.53
2022,6,9,0.49,32.03,6.45
2022,6,10,0.44,31.99,4.14
2022,6,11,0.43,32.63,5.27
2022,6,12,0.3,32.96,4.05
2022,6,13,0.13,31.85,3.32
2022,6,14,2.66,31.85,4.02
2022,6,15,5.97,30.75,3.24
2022,6,16,2.67,30.17,4.42
2022,6,17,2.7,29.94,5.29
2022,6,18,15.14,29.54,4.48
2022,6,19,7.45,29.25,3.78
2022,6,20,11.36,28.11,3.6
2022,6,21,4.8,29.16,3.57
2022,6,22,3.02,29.26,2.45
2022,6,23,8.66,29.13,3.05
2022,6,24,6.43,28.25,3.36
2022,6,25,10.93,28.42,3.34
2022,6,26,0.79,29.77,3.73
2022,6,27,1.16,30.2,3.44
2022,6,28,2.77,30.29,2.88
2022,6,29,4.67,30.37,3.51
2022,6,30,2.9,29.85,3.16
2022,7,1,10.42,29.1,2.56
2022,7,2,12.04,28.69,1.76
2022,7,3,30.23,28.09,2.08
2022,7,4,11.55,27.88,2.21
2022,7,5,26.93,27.38,1.49
2022,7,6,7.18,28.42,3.15
2022,7,7,6.66,27.71,2.89
2022,7,8,12.82,28.03,3.05
2022,7,9,9.5,27.19,4.29
2022,7,10,7.32,27.72,4.63
2022,7,11,11.85,27.93,2.58
2022,7,12,12.12,28.87,2.63
2022,7,13,19.06,27.84,4.4
2022,7,14,15.01,27.85,3.17
2022,7,15,14.77,28.44,2.72
2022,7,16,24.5,28.62,1.9
2022,7,17,38.27,28.13,4.56
2022,7,18,11.06,28.24,5.07
2022,7,19,9.34,28.6,3.27
2022,7,20,14.18,28.54,3.09
2022,7,21,2.1,28.09,3.33
2022,7,22,9.35,28.38,3.91
2022,7,23,10.96,28.23,3.72
2022,7,24,14.66,27.73,3.29
2022,7,25,8.37,27.24,3.64
2022,7,26,5.0,27.52,3.24
2022,7,27,0.52,27.74,2.6
2022,7,28,1.86,28.12,2.03
2022,7,29,4.28,28.62,2.24
2022,7,30,2.95,28.79,2.46
2022,7,31,2.91,28.86,2.8
2022,8,1,7.28,28.5,1.97
2022,8,2,7.57,29.07,1.81
2022,8,3,3.54,28.21,2.54
2022,8,4,2.7,27.64,2.43
2022,8,5,7.86,28.23,1.62
2022,8,6,28.22,28.04,1.92
2022,8,7,22.23,27.76,3.15
2022,8,8,22.17,27.26,2.32
2022,8,9,22.46,28.03,3.56
2022,8,10,29.24,27.51,4.8
2022,8,11,14.09,27.95,3.8
2022,8,12,17.25,27.46,3.09
2022,8,13,40.35,27.46,3.5
2022,8,14,50.89,27.03,4.67
2022,8,15,5.15,27.22,6.88
2022,8,16,0.52,28.09,2.58
2022,8,17,1.94,27.83,2.55
2022,8,18,16.98,27.61,3.68
2022,8,19,38.31,26.74,5.99
2022,8,20,5.67,26.73,5.85
2022,8,21,5.06,27.89,3.2
2022,8,22,2.37,27.9,2.49
2022,8,23,8.05,26.95,2.12
2022,8,24,9.6,26.7,2.46
2022,8,25,0.22,27.73,2.17
2022,8,26,0.02,28.03,2.22
2022,8,27,6.15,27.55,2.24
2022,8,28,4.0,27.49,2.26
2022,8,29,0.8,27.48,2.11
2022,8,30,0.3,27.67,1.52
2022,8,31,0.64,27.43,1.75
2022,9,1,0.24,27.53,2.38
2022,9,2,0.04,27.52,2.11
2022,9,3,3.54,27.82,2.44
2022,9,4,4.51,28.07,2.31
2022,9,5,0.4,28.01,2.11
2022,9,6,0.56,28.26,1.6
2022,9,7,6.94,27.74,1.85
2022,9,8,21.39,27.22,3.68
2022,9,9,10.33,27.76,4.89
2022,9,10,13.57,26.9,4.33
2022,9,11,36.76,27.16,4.97
2022,9,12,10.87,27.21,6.41
2022,9,13,8.63,27.39,5.82
2022,9,14,4.33,26.95,4.13
2022,9,15,0.76,27.47,2.45
2022,9,16,0.52,26.88,2.9
2022,9,17,2.94,27.15,2.18
2022,9,18,17.25,27.1,2.03
2022,9,19,13.58,27.23,3.23
2022,9,20,12.34,27.19,1.79
2022,9,21,7.61,26.83,3.71
2022,9,22,3.93,27.29,2.13
2022,9,23,5.29,27.38,2.59
2022,9,24,6.37,27.5,2.1
2022,9,25,4.63,26.62,1.51
2022,9,26,3.93,27.23,1.39
2022,9,27,1.75,27.26,1.56
2022,9,28,0.71,27.46,1.47
2022,9,29,4.36,27.28,2.31
2022,9,30,1.52,27.06,2.45
2022,10,1,2.87,27.2,1.87
2022,10,2,5.18,27.51,1.61
2022,10,3,12.45,27.05,1.75
2022,10,4,48.85,27.27,3.81
2022,10,5,12.11,27.29,4.36
2022,10,6,21.34,26.49,3.32
2022,10,7,7.51,26.26,2.71
2022,10,8,3.1,26.44,2.5
2022,10,9,4.81,26.03,2.55
2022,10,10,6.71,26.27,1.87
2022,10,11,0.58,26.27,2.05
2022,10,12,14.09,26.48,1.74
2022,10,13,5.4,26.12,1.08
2022,10,14,6.94,26.21,2.05
2022,10,15,1.1,26.56,1.9
2022,10,16,1.02,26.91,1.6
2022,10,17,1.13,26.67,1.7
2022,10,18,0.18,26.44,1.49
2022,10,19,0.05,25.9,1.6
2022,10,20,0.04,25.18,2.65
2022,10,21,0.0,23.67,3.15
2022,10,22,0.0,23.83,3.34
2022,10,23,0.08,24.16,4.15
2022,10,24,0.42,24.04,5.02
2022,10,25,0.0,25.03,2.47
2022,10,26,0.0,24.56,1.44
2022,10,27,0.0,23.3,2.01
2022,10,28,0.0,23.35,1.65
2022,10,29,0.0,22.75,2.14
2022,10,30,0.0,21.5,2.43
2022,10,31,0.0,23.47,1.69
2022,11,1,0.0,24.52,1.51
2022,11,2,0.0,25.18,1.59
2022,11,3,0.0,24.81,1.35
2022,11,4,0.0,22.68,2.11
2022,11,5,0.0,22.67,1.6
2022,11,6,0.0,23.05,1.21
2022,11,7,0.0,23.18,1.01
2022,11,8,0.0,23.19,0.99
2022,11,9,0.0,23.11,1.27
2022,11,10,0.0,22.64,1.8
2022,11,11,0.0,22.25,2.2
2022,11,12,0.0,21.95,2.33
2022,11,13,0.0,21.3,2.04
2022,11,14,0.0,19.95,2.41
2022,11,15,0.0,19.4,2.62
2022,11,16,0.0,19.94,2.3
2022,11,17,0.0,20.44,2.64
2022,11,18,0.0,19.95,3.08
2022,11,19,0.0,18.89,3.09
2022,11,20,0.0,19.78,2.06
2022,11,21,0.0,21.55,2.14
2022,11,22,0.0,21.99,1.86
2022,11,23,0.0,20.83,2.01
2022,11,24,0.0,20.0,2.13
2022,11,25,0.0,19.41,2.28
2022,11,26,0.0,18.56,2.15
2022,11,27,0.0,18.09,2.24
2022,11,28,0.0,18.71,2.24
2022,11,29,0.0,20.6,2.3
2022,11,30,0.0,21.68,2.25
2022,12,1,0.0,22.37,1.34
2022,12,2,0.0,21.93,1.28
2022,12,3,0.0,21.01,1.51
2022,12,4,0.0,20.71,1.7
2022,12,5,0.0,20.11,1.73
2022,12,6,0.0,19.19,2.12
2022,12,7,0.0,18.01,2.02
2022,12,8,0.0,17.24,2.97
2022,12,9,0.25,17.47,2.68
2022,12,10,0.47,19.66,2.3
2022,12,11,0.05,20.7,1.6
2022,12,12,0.0,20.83,1.42
2022,12,13,0.0,21.46,1.63
2022,12,14,0.0,21.26,2.56
2022,12,15,0.0,22.07,1.28
2022,12,16,0.0,21.28,1.39
2022,12,17,0.0,19.78,1.4
2022,12,18,0.0,18.27,2.06
2022,12,19,0.0,18.18,1.71
2022,12,20,0.0,18.68,1.32
2022,12,21,0.0,19.49,1.09
2022,12,22,0.0,19.24,1.04
2022,12,23,0.0,19.45,2.1
2022,12,24,0.0,19.56,1.49
2022,12,25,0.0,20.41,1.83
2022,12,26,0.0,21.26,1.67
2022,12,27,0.0,22.73,1.84
2022,12,28,0.0,21.86,1.83
2022,12,29,0.0,20.85,1.42
2022,12,30,0.0,19.98,1.45
2022,12,31,0.0,19.61,1.61
2023,1,1,0.0,20.72,1.43
2023,1,2,0.0,20.33,2.14
2023,1,3,0.0,19.26,2.31
2023,1,4,0.0,18.59,2.55
2023,1,5,0.0,18.44,2.5
2023,1,6,0.0,17.56,2.64
2023,1,7,0.0,15.93,2.68
2023,1,8,0.0,16.78,2.26
2023,1,9,0.0,17.92,2.19
2023,1,10,0.0,18.98,1.82
2023,1,11,0.0,18.76,1.78
2023,1,12,0.0,19.38,1.64
2023,1,13,0.0,20.82,1.9
2023,1,14,0.0,20.98,2.14
2023,1,15,0.0,20.95,1.65
2023,1,16,0.0,20.73,1.58
2023,1,17,0.02,21.33,1.56
2023,1,18,0.11,21.94,1.54
2023,1,19,0.0,21.02,2.22
2023,1,20,0.0,20.56,1.68
2023,1,21,0.0,21.67,1.57
2023,1,22,0.0,21.79,1.17
2023,1,23,0.0,22.58,1.5
2023,1,24,0.0,22.36,1.75
2023,1,25,0.0,22.29,1.65
2023,1,26,0.0,23.16,1.71
2023,1,27,0.0,23.25,1.88
2023,1,28,0.0,22.95,2.03
2023,1,29,0.0,22.44,2.68
2023,1,30,0.0,22.18,2.49
2023,1,31,0.0,22.88,1.73
2023,2,1,0.0,23.57,1.68
2023,2,2,0.0,22.31,2.0
2023,2,3,0.0,20.52,2.78
2023,2,4,0.0,20.79,2.44
2023,2,5,0.0,21.83,2.04
2023,2,6,0.0,22.52,1.4
2023,2,7,0.0,22.61,2.23
2023,2,8,0.0,22.89,3.13
2023,2,9,0.0,22.77,2.34
2023,2,10,0.0,23.99,1.53
2023,2,11,0.0,24.16,3.44
2023,2,12,0.0,23.75,4.15
2023,2,13,0.0,21.93,3.87
2023,2,14,0.0,21.47,3.13
2023,2,15,0.0,22.3,2.86
2023,2,16,0.0,23.27,1.7
2023,2,17,0.06,24.02,3.01
2023,2,18,0.0,24.23,2.53
2023,2,19,0.0,25.28,1.6
2023,2,20,0.0,25.72,2.17
2023,2,21,0.0,26.36,2.22
2023,2,22,0.0,26.45,2.36
2023,2,23,0.0,26.54,3.02
2023,2,24,0.0,26.88,1.62
2023,2,25,0.0,26.53,2.1
2023,2,26,0.0,26.76,2.32
2023,2,27,0.0,26.87,2.39
2023,2,28,0.0,26.8,2.33
2023,3,1,0.0,27.08,1.86
2023,3,2,0.0,27.78,1.62
2023,3,3,0.0,28.54,1.09
2023,3,4,0.0,28.68,1.68
2023,3,5,0.0,28.64,1.65
2023,3,6,0.0,28.36,2.02
2023,3,7,0.0,28.41,2.03
2023,3,8,0.0,28.17,1.66
2023,3,9,0.0,28.05,1.83
2023,3,10,0.0,28.85,1.93
2023,3,11,0.0,28.93,1.76
2023,3,12,0.0,29.03,1.59
2023,3,13,0.0,29.16,2.02
2023,3,14,0.0,28.83,3.39
2023,3,15,0.01,29.17,3.09
2023,3,16,0.09,27.96,4.71
2023,3,17,0.42,27.96,2.06
2023,3,18,8.36,27.11,2.8
2023,3,19,15.2,23.01,3.11
2023,3,20,2.26,24.29,3.51
2023,3,21,4.96,26.67,2.4
2023,3,22,6.81,26.88,1.91
2023,3,23,0.87,27.8,2.43
2023,3,24,1.73,28.52,1.8
2023,3,25,0.83,29.37,2.5
2023,3,26,0.18,29.92,3.1
2023,3,27,0.81,30.32,2.18
2023,3,28,1.28,30.15,2.64
2023,3,29,2.38,29.97,3.75
2023,3,30,1.83,30.2,3.79
2023,3,31,17.54,28.6,3.24
2023,4,1,20.05,27.51,3.54
2023,4,2,2.49,28.39,3.17
2023,4,3,1.37,28.93,2.03
2023,4,4,0.27,29.91,3.96
2023,4,5,0.25,31.07,2.02
2023,4,6,4.75,30.73,2.26
2023,4,7,4.3,30.28,1.4
2023,4,8,0.07,30.74,1.88
2023,4,9,0.15,30.94,2.36
2023,4,10,0.04,31.83,2.5
2023,4,11,0.01,32.4,2.65
2023,4,12,0.01,32.41,2.47
2023,4,13,0.0,32.27,2.19
2023,4,14,0.0,32.59,2.42
2023,4,15,0.04,33.24,2.11
2023,4,16,0.23,33.04,2.28
2023,4,17,0.0,33.54,2.63
2023,4,18,0.0,33.99,2.39
2023,4,19,0.0,34.21,2.89
2023,4,20,0.02,34.42,3.87
2023,4,21,0.05,33.58,4.8
2023,4,22,1.82,32.57,3.58
2023,4,23,8.51,30.22,2.57
2023,4,24,0.31,29.97,3.15
2023,4,25,3.08,30.01,1.81
2023,4,26,0.15,31.33,2.5
2023,4,27,0.21,32.41,2.59
2023,4,28,3.41,32.4,2.45
2023,4,29,2.16,32.15,2.65
2023,4,30,0.93,32.79,2.46
2023,5,1,2.69,29.74,3.16
2023,5,2,0.04,30.08,3.38
2023,5,3,3.18,30.33,3.35
2023,5,4,2.38,30.01,3.42
2023,5,5,4.25,31.24,3.21
2023,5,6,2.51,32.14,3.27
2023,5,7,0.13,33.49,3.15
2023,5,8,0.08,33.91,2.86
2023,5,9,0.1,34.56,2.96
2023,5,10,0.74,34.53,3.11
2023,5,11,0.04,33.92,3.27
2023,5,12,0.03,32.4,3.31
2023,5,13,0.06,32.37,4.36
2023,5,14,0.04,34.42,3.29
2023,5,15,0.13,34.66,4.13
2023,5,16,2.83,34.64,4.65
2023,5,17,3.71,33.97,5.72
2023,5,18,3.16,34.18,4.72
2023,5,19,4.0,33.05,4.93
2023,5,20,2.74,33.29,3.85
2023,5,21,1.12,33.52,4.44
2023,5,22,0.46,33.69,4.9
2023,5,23,0.45,34.67,4.08
2023,5,24,1.58,35.14,4.11
2023,5,25,5.86,33.74,4.12
2023,5,26,4.76,33.37,3.85
2023,5,27,7.15,33.46,2.7
2023,5,28,1.98,33.02,1.98
2023,5,29,0.08,33.38,2.87
2023,5,30,3.7,32.5,3.04
2023,5,31,1.78,32.96,2.22
2023,6,1,0.13,33.78,2.76
2023,6,2,0.47,34.22,3.77
2023,6,3,0.88,33.89,3.89
2023,6,4,2.04,33.19,3.81
2023,6,5,0.12,33.44,2.34
2023,6,6,0.14,34.35,2.22
2023,6,7,2.09,34.2,3.24
2023,6,8,1.71,34.26,3.03
2023,6,9,3.1,32.17,5.06
2023,6,10,0.75,33.29,4.81
2023,6,11,3.07,34.24,4.37
2023,6,12,11.93,33.04,3.42
2023,6,13,7.27,31.52,3.67
2023,6,14,1.26,33.78,4.18
2023,6,15,0.36,35.66,4.67
2023,6,16,0.46,35.25,3.97
2023,6,17,0.49,34.09,4.65
2023,6,18,7.43,32.66,4.03
2023,6,19,10.39,29.56,2.5
2023,6,20,0.38,31.05,3.18
2023,6,21,0.2,30.95,4.15
2023,6,22,19.3,30.71,3.25
2023,6,23,17.57,28.86,2.04
2023,6,24,14.8,29.03,3.15
2023,6,25,56.04,27.07,4.68
2023,6,26,8.61,27.51,4.49
2023,6,27,2.69,28.22,5.1
2023,6,28,2.8,29.07,5.27
2023,6,29,1.09,29.0,4.56
2023,6,30,0.17,29.47,3.19
2023,7,1,1.01,29.88,2.76
2023,7,2,1.92,29.61,2.14
2023,7,3,2.14,29.03,2.19
2023,7,4,2.7,30.0,2.61
2023,7,5,6.18,29.5,2.05
2023,7,6,11.11,28.61,3.02
2023,7,7,6.97,28.74,4.15
2023,7,8,1.99,28.85,3.28
2023,7,9,3.53,29.96,2.96
2023,7,10,3.36,29.4,2.63
2023,7,11,5.73,29.38,3.89
2023,7,12,13.65,28.76,2.72
2023,7,13,2.71,28.85,2.97
2023,7,14,11.88,28.29,2.97
2023,7,15,48.38,27.09,3.05
2023,7,16,9.11,28.8,3.19
2023,7,17,15.61,28.42,2.79
2023,7,18,2.53,28.54,3.05
2023,7,19,3.89,28.26,4.31
2023,7,20,9.25,29.07,4.59
2023,7,21,10.04,28.31,4.26
2023,7,22,15.05,28.49,4.31
2023,7,23,5.32,28.72,3.06
2023,7,24,3.53,28.32,4.49
2023,7,25,8.89,28.94,5.78
2023,7,26,18.75,29.07,5.32
2023,7,27,12.08,29.07,5.92
2023,7,28,5.69,30.01,3.75
2023,7,29,6.27,29.55,4.11
2023,7,30,3.42,28.58,5.33
2023,7,31,34.99,27.72,5.77
2023,8,1,91.7,27.79,4.8
2023,8,2,48.76,26.61,8.32
2023,8,3,1.55,28.51,6.28
2023,8,4,2.15,27.52,3.97
2023,8,5,6.72,28.43,4.08
2023,8,6,4.16,28.52,4.77
2023,8,7,2.46,27.79,4.28
2023,8,8,0.29,27.99,4.12
2023,8,9,2.12,28.24,3.7
2023,8,10,0.34,28.17,3.29
2023,8,11,1.68,28.06,2.68
2023,8,12,6.58,27.6,3.08
2023,8,13,12.83,27.66,2.48
2023,8,14,4.8,27.44,2.54
2023,8,15,1.3,28.03,3.0
2023,8,16,3.5,28.11,3.05
2023,8,17,30.11,27.21,3.17
2023,8,18,22.0,27.13,3.41
2023,8,19,3.9,27.99,4.5
2023,8,20,2.97,28.28,4.17
2023,8,21,3.93,28.61,2.34
2023,8,22,2.45,28.04,2.0
2023,8,23,3.71,27.56,2.09
2023,8,24,9.0,27.71,2.67
2023,8,25,3.22,27.44,3.73
2023,8,26,4.78,27.33,3.17
2023,8,27,0.49,27.94,3.65
2023,8,28,0.08,27.97,3.33
2023,8,29,1.26,27.86,3.54
2023,8,30,0.63,28.09,2.63
2023,8,31,0.35,28.42,2.09
2023,9,1,0.76,28.37,2.07
2023,9,2,35.97,27.83,2.85
2023,9,3,3.65,27.62,2.12
2023,9,4,23.05,27.37,1.39
2023,9,5,25.82,27.02,2.15
2023,9,6,6.57,27.28,2.63
2023,9,7,19.83,27.04,3.3
2023,9,8,8.79,27.67,4.01
2023,9,9,2.97,27.47,3.01
2023,9,10,0.16,28.27,2.84
2023,9,11,1.77,28.35,1.78
2023,9,12,5.06,28.08,1.2
2023,9,13,12.7,27.75,2.45
2023,9,14,59.38,27.89,4.06
2023,9,15,3.02,27.46,3.6
2023,9,16,4.49,27.44,2.53
2023,9,17,12.28,27.63,2.89
2023,9,18,6.09,28.56,2.27
2023,9,19,4.78,27.39,2.36
2023,9,20,31.9,27.0,2.47
2023,9,21,8.03,26.95,4.41
2023,9,22,6.54,27.31,3.65
2023,9,23,5.77,27.6,2.66
2023,9,24,5.05,27.19,2.34
2023,9,25,0.93,27.48,1.09
2023,9,26,0.8,27.68,1.28
2023,9,27,1.03,28.2,1.11
2023,9,28,1.83,28.49,1.72
2023,9,29,3.26,28.08,1.96
2023,9,30,16.38,26.75,3.39
2023,10,1,18.91,27.0,4.19
2023,10,2,8.47,26.65,3.0
2023,10,3,25.13,27.27,4.82
2023,10,4,3.3,27.23,4.64
2023,10,5,0.08,25.41,3.36
2023,10,6,0.42,26.23,2.62
2023,10,7,1.07,27.78,1.21
2023,10,8,2.18,27.46,1.94
2023,10,9,0.0,26.7,2.66
2023,10,10,0.0,27.09,2.75
2023,10,11,0.0,27.06,2.61
2023,10,12,0.0,26.68,2.18
2023,10,13,0.01,26.88,1.66
2023,10,14,0.06,26.06,2.43
2023,10,15,0.0,24.84,2.7
2023,10,16,0.01,25.85,2.24
2023,10,17,0.0,25.38,2.36
2023,10,18,0.02,25.35,2.24
2023,10,19,0.01,25.18,2.32
2023,10,20,0.0,24.42,2.61
2023,10,21,0.0,23.63,2.74
2023,10,22,0.17,22.84,3.12
2023,10,23,16.16,23.77,4.22
2023,10,24,1.06,25.55,3.18
2023,10,25,0.04,25.27,2.31
2023,10,26,0.03,23.8,2.48
2023,10,27,0.15,23.09,2.38
2023,10,28,0.01,22.29,2.48
2023,10,29,0.0,22.23,2.4
2023,10,30,0.0,22.54,2.29
2023,10,31,0.0,22.97,2.16
2023,11,1,0.0,23.71,2.39
2023,11,2,0.91,24.75,1.98
2023,11,3,0.62,25.37,1.57
2023,11,4,3.45,25.99,0.89
2023,11,5,2.84,25.09,1.9
2023,11,6,0.26,23.86,2.52
2023,11,7,0.0,22.87,2.17
2023,11,8,0.0,21.21,2.84
2023,11,9,0.0,20.89,2.65
2023,11,10,0.0,22.22,2.51
2023,11,11,0.0,21.74,2.59
2023,11,12,0.0,22.61,2.37
2023,11,13,0.0,21.86,2.59
2023,11,14,0.0,21.04,2.64
2023,11,15,0.0,20.58,3.15
2023,11,16,0.68,21.24,6.13
2023,11,17,0.22,23.32,5.09
2023,11,18,0.01,23.82,2.16
2023,11,19,0.0,22.82,2.46
2023,11,20,0.95,21.91,2.52
2023,11,21,0.44,21.82,2.08
2023,11,22,0.02,21.2,2.41
2023,11,23,0.0,20.78,1.8
2023,11,24,0.0,20.9,1.98
2023,11,25,0.0,20.69,2.22
2023,11,26,0.0,20.73,2.34
2023,11,27,0.0,20.43,1.94
2023,11,28,0.0,21.09,1.75
2023,11,29,0.0,22.35,1.74
2023,11,30,0.0,22.2,2.21
2023,12,1,0.0,22.27,2.76
2023,12,2,0.0,21.75,2.91
2023,12,3,0.0,22.1,3.08
2023,12,4,0.06,22.31,2.82
2023,12,5,0.96,21.84,3.13
2023,12,6,13.81,20.82,4.66
2023,12,7,2.47,22.36,2.94
2023,12,8,0.2,21.91,2.31
2023,12,9,0.01,20.38,2.78
2023,12,10,0.0,18.76,2.69
2023,12,11,0.0,17.51,2.59
2023,12,12,0.0,17.08,2.28
2023,12,13,0.0,17.65,2.49
2023,12,14,0.0,17.83,2.44
2023,12,15,0.0,16.39,2.6
2023,12,16,0.0,16.05,2.43
2023,12,17,0.0,16.76,2.21
2023,12,18,0.0,16.72,2.29
2023,12,19,0.0,16.95,2.57
2023,12,20,0.0,16.11,2.7
2023,12,21,0.0,16.03,2.33
2023,12,22,0.0,17.39,1.85
2023,12,23,0.0,19.12,1.89
2023,12,24,0.0,19.26,1.74
2023,12,25,0.0,20.01,1.52
2023,12,26,0.0,20.55,0.98
2023,12,27,0.0,20.25,1.23
2023,12,28,0.0,19.3,1.56
2023,12,29,0.0,19.21,1.74
2023,12,30,0.0,19.16,2.0
2023,12,31,0.0,18.82,1.76
2024,1,1,0.0,18.87,1.78
2024,1,2,0.0,18.66,2.03
2024,1,3,0.0,18.39,2.34
2024,1,4,0.0,18.7,2.32
2024,1,5,0.0,19.4,2.43
2024,1,6,0.0,19.64,2.13
2024,1,7,0.0,19.58,2.31
2024,1,8,0.0,20.13,2.5
2024,1,9,0.0,20.3,2.08
2024,1,10,0.0,21.56,1.99
2024,1,11,0.0,21.41,2.03
2024,1,12,0.0,20.17,2.26
2024,1,13,0.0,18.87,2.1
2024,1,14,0.0,18.61,1.99
2024,1,15,0.0,19.24,1.63
2024,1,16,0.01,19.67,2.15
2024,1,17,0.11,19.72,2.2
2024,1,18,0.36,21.94,2.3
2024,1,19,0.2,21.0,2.41
2024,1,20,0.15,20.31,1.61
2024,1,21,4.09,20.97,1.11
2024,1,22,0.29,19.85,2.47
2024,1,23,0.1,19.73,1.79
2024,1,24,16.72,17.87,3.23
2024,1,25,0.64,18.3,2.63
2024,1,26,0.0,18.19,2.2
2024,1,27,0.0,17.99,2.1
2024,1,28,0.0,18.52,1.51
2024,1,29,0.0,19.62,1.34
2024,1,30,0.0,20.05,2.11
2024,1,31,0.0,21.27,1.95
2024,2,1,0.0,22.58,1.54
2024,2,2,0.41,22.83,2.18
2024,2,3,0.0,22.26,2.17
2024,2,4,0.0,21.28,2.56
2024,2,5,0.0,22.93,1.93
2024,2,6,0.0,24.72,2.3
2024,2,7,0.0,24.18,1.84
2024,2,8,0.0,22.06,3.07
2024,2,9,0.0,20.38,2.52
2024,2,10,0.0,20.3,1.71
2024,2,11,0.0,22.0,1.63
2024,2,12,1.64,23.28,1.22
2024,2,13,0.0,23.96,1.93
2024,2,14,0.0,24.37,1.9
2024,2,15,0.02,25.19,1.29
2024,2,16,0.01,25.19,1.86
2024,2,17,0.0,24.04,2.76
2024,2,18,0.0,24.32,1.88
2024,2,19,0.01,25.08,1.66
2024,2,20,0.0,26.12,2.74
2024,2,21,0.01,27.45,2.31
2024,2,22,0.03,28.16,3.43
2024,2,23,0.17,26.59,1.81
2024,2,24,1.85,25.08,2.72
2024,2,25,1.56,25.07,2.47
2024,2,26,0.1,25.0,2.69
2024,2,27,0.04,25.89,1.52
2024,2,28,3.26,26.04,1.89
2024,2,29,0.02,26.46,2.15
2024,3,1,0.14,25.82,2.02
2024,3,2,0.0,26.92,1.55
2024,3,3,0.0,27.58,2.5
2024,3,4,0.09,28.14,2.95
2024,3,5,0.23,28.4,0.89
2024,3,6,0.16,27.72,2.39
2024,3,7,3.83,27.6,1.38
2024,3,8,5.01,26.35,1.87
2024,3,9,0.15,26.7,1.06
2024,3,10,0.0,26.88,0.99
2024,3,11,0.01,27.38,1.46
2024,3,12,0.03,29.12,2.06
2024,3,13,1.0,29.86,2.57
2024,3,14,2.97,30.05,2.65
2024,3,15,0.13,29.33,1.94
2024,3,16,0.4,28.97,2.71
2024,3,17,0.99,29.33,2.25
2024,3,18,2.78,29.34,1.86
2024,3,19,16.57,27.64,1.96
2024,3,20,16.31,21.17,3.5
2024,3,21,0.03,23.85,1.79
2024,3,22,0.24,26.73,2.11
2024,3,23,0.1,28.16,2.21
2024,3,24,0.06,29.36,3.1
2024,3,25,0.73,29.95,3.31
2024,3,26,2.28,29.93,2.91
2024,3,27,0.02,30.4,2.01
2024,3,28,0.0,30.93,2.3
2024,3,29,0.01,31.82,2.94
2024,3,30,0.02,32.39,2.85
2024,3,31,0.06,32.32,3.05
2024,4,1,0.0,32.85,3.56
2024,4,2,0.0,33.06,3.01
2024,4,3,0.0,32.74,2.26
2024,4,4,0.0,32.71,2.59
2024,4,5,0.0,33.55,3.37
2024,4,6,0.05,33.93,2.97
2024,4,7,3.26,33.04,2.39
2024,4,8,4.62,29.73,3.76
2024,4,9,0.01,30.43,3.59
2024,4,10,0.07,31.08,2.51
2024,4,11,1.98,30.17,3.47
2024,4,12,0.21,30.59,2.94
2024,4,13,0.0,31.46,2.28
2024,4,14,0.0,32.54,2.21
2024,4,15,0.0,33.47,2.6
2024,4,16,0.0,34.5,3.16
2024,4,17,0.02,35.69,3.52
2024,4,18,0.06,35.7,2.79
2024,4,19,0.05,35.32,3.13
2024,4,20,0.0,35.7,3.95
2024,4,21,0.06,36.43,3.59
2024,4,22,0.1,36.48,3.34
2024,4,23,0.06,36.07,4.31
2024,4,24,0.23,35.48,3.43
2024,4,25,1.58,35.29,3.1
2024,4,26,0.05,35.41,2.96
2024,4,27,0.02,36.04,3.35
2024,4,28,0.08,36.62,3.05
2024,4,29,1.08,36.04,3.04
2024,4,30,0.0,36.94,3.85
2024,5,1,0.7,36.85,4.17
2024,5,2,3.31,35.65,3.95
2024,5,3,0.08,34.93,2.66
2024,5,4,0.07,34.12,3.6
2024,5,5,0.04,34.03,4.92
2024,5,6,2.14,34.69,5.68
2024,5,7,4.27,31.62,4.71
2024,5,8,1.29,31.86,3.44
2024,5,9,4.88,31.61,3.82
2024,5,10,3.31,31.8,4.1
2024,5,11,25.18,31.18,4.19
2024,5,12,29.24,30.83,2.97
2024,5,13,8.15,31.11,2.34
2024,5,14,1.1,30.81,2.15
2024,5,15,0.57,31.43,2.35
2024,5,16,0.37,31.46,2.88
2024,5,17,0.05,33.66,3.35
2024,5,18,0.64,33.46,3.11
2024,5,19,0.86,33.06,3.0
2024,5,20,4.38,33.31,3.38
2024,5,21,10.09,32.05,2.79
2024,5,22,0.16,32.55,2.87
2024,5,23,0.25,31.83,3.24
2024,5,24,11.1,30.69,3.98
2024,5,25,1.98,31.33,4.2
2024,5,26,10.44,32.52,3.7
2024,5,27,6.27,33.7,4.31
2024,5,28,0.5,34.58,4.92
2024,5,29,0.15,34.59,4.85
2024,5,30,0.22,33.21,5.37
2024,5,31,0.54,32.6,5.55
2024,6,1,1.97,31.37,4.51
2024,6,2,16.52,30.81,4.21
2024,6,3,31.43,30.16,3.68
2024,6,4,1.96,31.35,3.25
2024,6,5,0.35,31.96,2.98
2024,6,6,0.96,32.37,3.57
2024,6,7,2.56,31.82,4.23
2024,6,8,1.24,31.13,4.43
2024,6,9,0.27,32.5,3.12
2024,6,10,0.05,33.24,3.89
2024,6,11,0.03,31.62,4.18
2024,6,12,0.02,33.15,4.15
2024,6,13,2.84,33.21,4.46
2024,6,14,5.72,29.54,4.65
2024,6,15,2.53,30.3,4.23
2024,6,16,1.44,30.09,4.17
2024,6,17,0.14,31.84,2.79
2024,6,18,1.75,32.18,4.8
2024,6,19,5.85,31.16,3.08
2024,6,20,6.57,31.06,3.4
2024,6,21,9.01,28.63,3.48
2024,6,22,5.78,29.33,2.73
2024,6,23,4.37,29.49,2.89
2024,6,24,3.06,30.73,3.66
2024,6,25,1.43,31.49,2.85
2024,6,26,3.94,30.07,2.77
2024,6,27,9.51,29.44,3.16
2024,6,28,20.02,29.73,2.7
2024,6,29,27.58,29.18,3.45
2024,6,30,14.77,28.98,3.82
2024,7,1,4.76,28.21,4.55
2024,7,2,5.55,28.02,4.0
2024,7,3,9.1,28.53,3.02
2024,7,4,6.92,28.41,3.71
2024,7,5,6.48,29.31,3.11
2024,7,6,2.6,27.71,2.34
2024,7,7,14.76,28.62,1.29
2024,7,8,5.48,28.65,2.7
2024,7,9,1.41,28.67,2.41
2024,7,10,0.61,29.35,4.07
2024,7,11,3.5,29.17,4.04
2024,7,12,12.58,28.14,3.56
2024,7,13,7.87,29.1,3.01
2024,7,14,15.64,29.14,2.78
2024,7,15,6.02,28.96,2.98
2024,7,16,4.59,28.31,3.75
2024,7,17,3.65,28.56,3.03
2024,7,18,12.88,29.11,3.88
2024,7,19,14.69,29.07,4.52
2024,7,20,20.43,29.1,4.07
2024,7,21,5.91,29.26,3.85
2024,7,22,19.47,28.53,5.97
2024,7,23,20.45,27.89,5.62
2024,7,24,10.53,28.57,5.54
2024,7,25,4.83,28.23,5.7
2024,7,26,12.44,28.38,5.23
2024,7,27,7.12,28.4,4.25
2024,7,28,10.11,29.89,1.32
2024,7,29,11.98,28.77,2.83
2024,7,30,4.81,29.19,3.11
2024,7,31,6.88,28.3,3.82
2024,8,1,12.08,28.53,4.39
2024,8,2,4.69,28.08,5.54
2024,8,3,4.6,28.31,5.2
2024,8,4,4.48,28.23,4.39
2024,8,5,9.69,27.97,2.75
2024,8,6,37.44,27.64,2.7
2024,8,7,14.08,28.05,3.31
2024,8,8,2.95,27.74,3.22
2024,8,9,10.16,28.33,2.85
2024,8,10,2.51,28.61,2.39
2024,8,11,4.59,28.52,2.19
2024,8,12,3.58,28.84,2.57
2024,8,13,9.71,28.19,2.24
2024,8,14,7.88,28.48,1.89
2024,8,15,16.55,28.14,2.4
2024,8,16,13.17,27.77,2.73
2024,8,17,12.62,28.53,2.24
2024,8,18,6.57,28.36,2.16
2024,8,19,2.67,27.81,2.6
2024,8,20,1.58,28.37,2.79
2024,8,21,1.25,27.97,3.23
2024,8,22,9.35,27.28,3.46
2024,8,23,6.7,27.27,3.55
2024,8,24,7.81,27.01,3.99
2024,8,25,4.71,26.88,4.54
2024,8,26,23.55,27.23,3.35
2024,8,27,25.99,27.15,2.57
2024,8,28,8.75,27.48,2.01
2024,8,29,7.84,27.11,3.09
2024,8,30,5.24,27.8,3.86
2024,8,31,6.57,28.12,5.52
2024,9,1,5.84,27.81,5.14
2024,9,2,2.9,27.7,3.55
2024,9,3,1.29,27.65,2.85
2024,9,4,4.15,27.91,2.26
2024,9,5,3.27,28.27,1.73
2024,9,6,6.13,28.19,2.06
2024,9,7,15.98,27.86,3.24
2024,9,8,17.99,28.09,4.72
2024,9,9,21.96,28.2,7.72
2024,9,10,2.71,28.47,6.77
2024,9,11,1.13,28.57,2.91
2024,9,12,0.69,28.55,2.99
2024,9,13,2.22,27.38,4.02
2024,9,14,12.69,27.19,4.94
2024,9,15,14.8,26.73,7.47
2024,9,16,7.96,27.16,5.82
2024,9,17,9.17,27.49,3.57
2024,9,18,6.52,27.53,2.17
2024,9,19,0.17,27.99,1.36
2024,9,20,2.47,28.67,1.7
2024,9,21,4.05,28.18,2.45
2024,9,22,2.36,27.82,1.91
2024,9,23,8.8,27.56,2.6
2024,9,24,17.07,26.95,4.19
2024,9,25,86.59,26.93,3.2
2024,9,26,29.63,27.23,4.54
2024,9,27,10.66,27.09,3.88
2024,9,28,2.45,27.56,2.99
2024,9,29,2.36,28.01,2.15
2024,9,30,1.18,28.24,2.31
2024,10,1,0.24,28.06,2.5
2024,10,2,0.36,27.51,2.85
2024,10,3,1.53,27.81,3.02
2024,10,4,5.26,27.04,2.01
2024,10,5,3.07,27.96,1.44
2024,10,6,1.56,27.27,1.41
2024,10,7,7.57,26.36,1.63
2024,10,8,2.62,27.56,1.24
2024,10,9,0.69,27.15,1.77
2024,10,10,0.17,26.75,1.83
2024,10,11,0.04,27.4,1.75
2024,10,12,0.51,27.59,1.6
2024,10,13,0.04,27.42,1.77
2024,10,14,0.03,27.45,1.85
2024,10,15,0.04,27.61,1.5
2024,10,16,0.04,27.32,1.59
2024,10,17,0.55,27.46,1.56
2024,10,18,0.65,27.64,1.49
2024,10,19,4.57,27.94,1.18
2024,10,20,8.62,26.8,1.82
2024,10,21,0.04,25.82,2.26
2024,10,22,0.0,25.17,2.76
2024,10,23,0.96,25.39,3.72
2024,10,24,28.65,24.85,7.22
2024,10,25,41.45,25.49,7.78
2024,10,26,8.68,25.36,5.62
2024,10,27,1.69,26.68,3.32
2024,10,28,3.38,26.4,2.08
2024,10,29,2.67,26.87,1.17
2024,10,30,0.04,26.42,1.76
2024,10,31,1.02,26.19,1.6
2024,11,1,1.2,26.75,1.45
2024,11,2,0.33,25.79,1.57
2024,11,3,0.29,25.24,1.17
2024,11,4,0.0,24.49,1.24
2024,11,5,0.41,24.2,2.21
2024,11,6,0.14,24.73,2.45
2024,11,7,0.01,24.7,2.26
2024,11,8,0.0,24.42,2.07
2024,11,9,0.0,23.91,2.3
2024,11,10,0.0,22.89,2.9
2024,11,11,0.0,22.86,3.43
2024,11,12,0.05,23.41,3.25
2024,11,13,0.0,23.47,3.09
2024,11,14,0.0,23.33,2.32
2024,11,15,0.0,22.18,2.25
2024,11,16,0.0,21.24,2.02
2024,11,17,0.0,21.01,2.09
2024,11,18,0.0,20.9,1.71
2024,11,19,0.0,19.89,2.09
2024,11,20,0.0,20.01,1.85
2024,11,21,0.0,20.98,1.13
2024,11,22,0.0,20.74,1.69
2024,11,23,0.0,20.53,1.53
2024,11,24,0.0,20.18,1.43
2024,11,25,0.0,20.19,1.91
2024,11,26,0.0,20.01,1.87
2024,11,27,0.0,19.05,2.68
2024,11,28,0.02,19.47,3.2
2024,11,29,2.3,20.9,3.6
2024,11,30,0.42,21.52,3.47
2024,12,1,0.84,21.65,3.42
2024,12,2,1.1,21.33,3.43
2024,12,3,0.07,22.33,2.54
2024,12,4,0.0,22.86,1.64
2024,12,5,0.0,23.17,1.47
2024,12,6,0.0,22.93,1.64
2024,12,7,0.0,20.89,1.91
2024,12,8,0.17,22.12,2.17
2024,12,9,1.28,22.97,1.84
2024,12,10,0.6,22.07,1.97
2024,12,11,0.0,18.74,2.62
2024,12,12,0.0,17.5,1.87
2024,12,13,0.0,17.52,2.08
2024,12,14,0.0,17.12,2.17
2024,12,15,0.0,15.97,2.48
2024,12,16,0.0,15.91,1.93
2024,12,17,0.0,18.05,1.99
2024,12,18,0.02,19.54,2.26
2024,12,19,0.1,19.66,2.76
2024,12,20,8.8,20.06,2.94
2024,12,21,31.42,18.28,3.77
2024,12,22,0.37,19.02,3.0
2024,12,23,0.14,19.13,2.66
2024,12,24,9.15,18.3,2.19
2024,12,25,1.42,19.73,2.33
2024,12,26,11.76,20.45,2.09
2024,12,27,0.02,20.36,2.59
2024,12,28,0.0,20.67,1.45
2024,12,29,0.0,21.94,1.45
2024,12,30,0.0,21.14,2.07
2024,12,31,0.0,20.16,1.75
2025,1,1,0.0,18.01,1.69
2025,1,2,0.0,16.93,1.8
2025,1,3,0.0,16.15,1.49
2025,1,4,0.0,16.95,1.56
2025,1,5,0.0,18.12,1.09
2025,1,6,0.0,18.54,1.22
2025,1,7,0.0,18.59,2.42
2025,1,8,0.0,18.1,1.84
2025,1,9,0.0,16.65,2.05
2025,1,10,0.0,16.75,2.02
2025,1,11,0.0,16.83,2.08
2025,1,12,0.0,17.33,1.73
2025,1,13,0.0,18.67,1.58
2025,1,14,0.0,19.47,1.88
2025,1,15,0.0,18.72,2.25
2025,1,16,0.0,18.21,2.35
2025,1,17,0.0,18.17,2.27
2025,1,18,0.0,18.27,2.28
2025,1,19,0.0,19.4,2.06
2025,1,20,0.0,19.16,2.22
2025,1,21,0.0,19.1,2.28
2025,1,22,0.0,20.3,2.02
2025,1,23,0.0,20.83,1.63
2025,1,24,0.0,20.82,1.98
2025,1,25,0.0,21.55,1.6
2025,1,26,0.0,21.33,1.55
2025,1,27,0.0,20.05,1.8
2025,1,28,0.0,20.3,1.67
2025,1,29,0.0,21.9,2.13
2025,1,30,0.0,22.32,2.97
2025,1,31,0.0,23.2,2.3
2025,2,1,0.0,24.08,1.77
2025,2,2,0.0,25.1,1.97
2025,2,3,0.0,24.67,2.31
2025,2,4,0.0,25.26,1.16
2025,2,5,0.0,25.69,1.63
2025,2,6,0.0,25.47,2.03
2025,2,7,0.0,23.74,2.14
2025,2,8,0.0,22.06,2.21
2025,2,9,0.0,21.66,1.59
2025,2,10,0.0,22.39,2.1
2025,2,11,0.0,23.69,2.55
2025,2,12,0.0,25.28,2.41
2025,2,13,0.0,24.74,2.97
2025,2,14,0.0,22.7,2.21
2025,2,15,0.0,23.42,2.25
2025,2,16,0.0,24.21,2.08
2025,2,17,0.0,24.76,3.44
2025,2,18,0.0,25.58,2.16
2025,2,19,1.6,26.07,2.68
2025,2,20,7.15,25.54,3.37
2025,2,21,3.15,25.65,2.12
2025,2,22,1.8,25.76,3.16
2025,2,23,3.29,26.34,1.44
2025,2,24,0.57,25.02,1.63
2025,2,25,0.0,25.51,1.35
2025,2,26,0.0,25.41,1.52
2025,2,27,0.0,26.15,2.12
2025,2,28,0.0,26.17,1.97
2025,3,1,0.0,26.62,2.94
2025,3,2,0.0,27.58,2.53
2025,3,3,0.0,28.15,2.12
2025,3,4,0.0,27.73,2.47
2025,3,5,0.0,26.6,3.23
2025,3,6,0.0,24.15,2.7
2025,3,7,0.0,24.12,1.95
2025,3,8,0.0,25.47,2.69
2025,3,9,0.0,26.74,2.5
2025,3,10,0.0,26.95,2.37
2025,3,11,0.0,27.11,2.67
2025,3,12,0.0,28.13,2.91
2025,3,13,0.0,29.37,3.45
2025,3,14,0.01,30.47,3.47
2025,3,15,0.0,30.81,2.62
2025,3,16,0.0,30.56,3.2
2025,3,17,0.01,30.9,3.4
2025,3,18,0.1,30.82,2.61
2025,3,19,1.46,29.54,3.1
2025,3,20,1.56,29.21,4.46
2025,3,21,0.63,28.61,4.59
2025,3,22,15.78,26.65,3.54
2025,3,23,5.86,27.78,1.71
2025,3,24,0.78,28.29,1.69
2025,3,25,0.07,28.72,2.06
2025,3,26,0.0,29.19,3.05
2025,3,27,0.0,30.13,2.59
2025,3,28,0.0,30.85,2.29
2025,3,29,0.0,31.04,2.15
2025,3,30,0.0,30.78,3.01
2025,3,31,0.0,30.75,4.3
2025,4,1,0.0,30.03,4.01
2025,4,2,0.05,29.95,3.68
2025,4,3,0.28,30.0,2.69
2025,4,4,0.49,30.84,2.13
2025,4,5,0.04,31.77,2.76
2025,4,6,0.16,31.55,4.13
2025,4,7,0.16,31.14,4.38
2025,4,8,0.24,29.63,4.15
2025,4,9,0.09,30.02,3.75
2025,4,10,2.59,29.42,3.31
2025,4,11,7.72,29.29,2.38
2025,4,12,3.03,29.41,2.98
2025,4,13,4.81,29.47,2.44
2025,4,14,1.37,30.49,3.08
2025,4,15,10.61,28.95,3.09
2025,4,16,8.31,28.6,3.19
2025,4,17,6.42,30.4,4.04
2025,4,18,12.52,29.86,5.0
2025,4,19,10.62,30.78,3.62
2025,4,20,0.87,32.0,3.62
2025,4,21,0.27,32.99,4.21
2025,4,22,0.0,33.33,4.12
2025,4,23,0.0,33.48,3.72
2025,4,24,0.0,33.47,4.46
2025,4,25,0.0,33.4,3.99
2025,4,26,0.27,32.76,5.34
2025,4,27,1.62,32.48,3.28
2025,4,28,2.82,31.96,2.79
2025,4,29,9.0,30.32,3.51
2025,4,30,13.42,29.47,2.43
2025,5,1,2.37,29.85,2.58
2025,5,2,2.85,29.69,2.03
2025,5,3,5.43,30.2,3.16
2025,5,4,4.77,30.61,2.15
2025,5,5,0.28,31.51,2.3
2025,5,6,1.45,31.77,2.44
2025,5,7,0.41,32.04,2.76
2025,5,8,0.15,32.37,3.14
2025,5,9,0.06,33.38,2.16
2025,5,10,0.04,33.45,2.75
2025,5,11,0.78,33.65,2.74
2025,5,12,0.42,34.32,3.17
2025,5,13,5.13,32.97,3.47
2025,5,14,2.61,33.2,3.82
2025,5,15,0.73,31.97,3.3
2025,5,16,0.4,31.65,3.81
2025,5,17,0.31,31.82,3.69
2025,5,18,0.11,32.0,3.49
2025,5,19,2.4,31.91,3.63
2025,5,20,2.99,31.4,3.57
2025,5,21,3.37,30.06,3.37
2025,5,22,4.82,29.66,2.08
2025,5,23,10.61,30.2,1.65
2025,5,24,11.84,27.78,4.27
2025,5,25,10.98,27.78,2.9
2025,5,26,3.58,28.92,1.94
2025,5,27,13.33,29.74,2.09
2025,5,28,18.2,28.04,4.22
2025,5,29,13.94,29.42,4.64
2025,5,30,4.63,30.12,3.44
2025,5,31,1.95,29.75,2.4
2025,6,1,0.48,32.01,2.81
2025,6,2,0.04,32.93,4.45
2025,6,3,6.46,32.4,3.17
2025,6,4,2.96,32.14,2.83
2025,6,5,2.28,31.89,2.06
2025,6,6,5.32,31.74,2.31
2025,6,7,6.51,31.4,2.07
2025,6,8,1.97,31.45,2.39
2025,6,9,4.41,31.26,1.94
2025,6,10,7.23,29.58,2.44
2025,6,11,3.47,28.8,3.54
2025,6,12,10.83,28.94,3.53
2025,6,13,1.01,30.03,2.87
2025,6,14,1.41,30.14,3.13
2025,6,15,4.2,29.71,1.41
2025,6,16,17.23,28.31,2.54
2025,6,17,12.14,28.4,3.33
2025,6,18,10.02,28.5,5.04
2025,6,19,5.35,28.51,4.76
2025,6,20,4.95,29.43,4.36
2025,6,21,7.44,30.0,2.81
2025,6,22,4.83,29.12,2.77
2025,6,23,10.41,28.16,3.05
2025,6,24,4.02,28.88,2.81
2025,6,25,17.72,28.56,1.8
2025,6,26,26.06,28.68,2.6
2025,6,27,9.53,28.06,3.86
2025,6,28,19.39,27.14,4.9
2025,6,29,32.77,26.26,6.27
2025,6,30,2.34,27.4,4.59
2025,7,1,19.96,28.29,3.2
2025,7,2,14.16,28.49,2.79
2025,7,3,15.01,28.18,3.43
2025,7,4,10.1,28.29,3.39
2025,7,5,13.93,27.46,4.66
2025,7,6,14.98,27.27,4.55
2025,7,7,13.16,28.12,4.49
2025,7,8,4.74,27.23,5.57
2025,7,9,1.03,27.56,4.11
2025,7,10,2.16,28.17,3.46
2025,7,11,3.26,28.48,3.09
2025,7,12,4.03,28.73,3.41
2025,7,13,6.81,28.14,3.03
2025,7,14,15.59,27.49,2.57
2025,7,15,5.35,28.62,2.93
2025,7,16,11.19,28.43,2.63
2025,7,17,6.83,28.08,3.12
2025,7,18,1.06,28.08,2.11
2025,7,19,6.42,29.06,1.96
2025,7,20,2.65,29.07,1.59
2025,7,21,4.71,28.45,1.74
2025,7,22,2.5,28.88,1.66
2025,7,23,10.47,29.44,2.36
2025,7,24,8.51,28.73,2.81
2025,7,25,19.54,27.47,4.37
2025,7,26,3.52,28.03,6.08
2025,7,27,3.57,28.99,4.18
2025,7,28,2.37,28.75,3.38
2025,7,29,21.82,27.66,2.76
2025,7,30,5.24,28.07,2.84
2025,7,31,4.25,28.46,3.6
2025,8,1,1.99,28.78,3.55
2025,8,2,3.99,28.55,2.66
2025,8,3,5.41,28.92,2.29
2025,8,4,3.42,28.62,1.93
2025,8,5,1.03,28.17,2.01
2025,8,6,2.51,28.22,1.74
2025,8,7,8.76,28.19,2.51
2025,8,8,6.79,27.11,2.78
2025,8,9,1.46,27.63,2.44
2025,8,10,3.45,27.96,2.53
2025,8,11,1.9,29.06,1.69
2025,8,12,3.93,29.23,1.61
2025,8,13,9.76,28.41,3.17
2025,8,14,12.34,27.58,4.82
2025,8,15,21.72,27.53,3.17
2025,8,16,6.96,27.86,3.39
2025,8,17,5.31,27.81,4.26
2025,8,18,21.52,27.59,4.27
2025,8,19,7.37,27.31,4.27
2025,8,20,5.12,27.95,3.71
2025,8,21,8.14,27.1,2.88
2025,8,22,18.75,26.75,3.75
2025,8,23,13.04,26.71,4.58
2025,8,24,7.2,27.23,3.53
2025,8,25,4.53,27.37,2.5
2025,8,26,6.22,27.36,3.21
2025,8,27,5.1,27.16,3.38
2025,8,28,3.95,27.91,3.56
2025,8,29,0.74,27.67,3.92
2025,8,30,4.98,27.64,2.55
2025,8,31,7.39,28.62,1.35
2025,9,1,10.56,28.51,1.71
2025,9,2,19.53,27.19,2.35
2025,9,3,26.76,26.84,3.58
2025,9,4,9.69,27.04,2.77
2025,9,5,13.73,27.51,1.47
2025,9,6,7.55,27.68,1.73
2025,9,7,1.36,27.79,1.33
2025,9,8,0.72,27.79,1.99
2025,9,9,0.16,28.35,1.51
2025,9,10,0.23,28.54,1.59
2025,9,11,1.36,28.05,1.67
2025,9,12,4.32,27.61,2.27
2025,9,13,5.49,27.44,2.56
2025,9,14,8.94,27.62,2.5
2025,9,15,28.4,27.07,2.21
2025,9,16,15.04,27.26,2.26
2025,9,17,3.22,27.17,2.77
2025,9,18,0.91,27.99,2.3
2025,9,19,0.27,28.29,1.35
2025,9,20,2.67,27.9,1.5
2025,9,21,7.57,27.68,1.64
2025,9,22,5.23,27.55,1.35
2025,9,23,16.1,26.62,2.53
2025,9,24,8.77,26.62,2.96
2025,9,25,5.54,27.07,2.86
2025,9,26,18.16,26.44,2.25
2025,9,27,15.51,27.24,4.3
2025,9,28,3.27,27.45,2.71
2025,9,29,1.09,27.08,2.01
2025,9,30,0.05,27.93,1.62
2025,10,1,11.27,27.87,2.79
2025,10,2,31.79,27.14,7.62
2025,10,3,12.79,27.5,5.89
2025,10,4,5.9,27.46,3.19
2025,10,5,6.62,27.38,1.38
2025,10,6,10.31,27.6,1.12
2025,10,7,8.35,26.83,1.16
2025,10,8,9.37,26.68,1.43
2025,10,9,2.74,26.51,2.0
2025,10,10,2.14,26.48,2.42
2025,10,11,1.95,25.98,2.45
2025,10,12,3.42,25.25,2.56
2025,10,13,4.13,25.46,2.94
2025,10,14,0.13,25.7,2.28
2025,10,15,0.0,25.93,2.13
2025,10,16,0.0,24.89,2.27
2025,10,17,0.0,24.45,2.04
2025,10,18,1.75,24.78,1.89
2025,10,19,3.75,25.62,2.07
2025,10,20,8.27,25.9,2.67
2025,10,21,1.11,25.94,2.88
2025,10,22,0.15,25.67,2.51
2025,10,23,0.04,25.97,2.05
2025,10,24,0.12,25.86,1.93
2025,10,25,0.15,25.99,2.09
2025,10,26,0.41,26.05,2.33
2025,10,27,4.93,26.27,3.74
2025,10,28,25.95,26.54,4.54
2025,10,29,19.54,26.77,4.11
2025,10,30,6.3,26.38,3.38
2025,10,31,0.89,26.57,3.0
2025,11,1,1.34,27.0,2.43
2025,11,2,0.12,25.96,3.03
2025,11,3,0.02,24.22,2.86
2025,11,4,0.0,22.4,2.66
2025,11,5,0.0,20.85,3.0
2025,11,6,0.0,23.84,2.46
2025,11,7,0.0,23.3,2.8
2025,11,8,0.0,21.51,3.05
2025,11,9,0.0,19.65,2.97
2025,11,10,0.0,19.48,2.52
2025,11,11,0.0,18.68,2.81
2025,11,12,0.0,18.34,2.85
2025,11,13,0.0,19.1,2.33
2025,11,14,0.0,18.87,2.43
2025,11,15,0.0,18.64,2.47
2025,11,16,0.0,18.32,2.7
2025,11,17,0.0,18.15,2.52
2025,11,18,0.0,19.22,2.06
2025,11,19,0.0,20.28,2.02
2025,11,20,0.0,21.43,2.27
2025,11,21,0.0,22.24,1.59
2025,11,22,0.0,21.03,1.96
2025,11,23,0.0,20.26,2.48
2025,11,24,0.0,19.88,2.42
2025,11,25,0.0,19.82,2.11
2025,11,26,0.0,18.47,2.73
2025,11,27,0.0,17.04,2.68
2025,11,28,0.0,18.84,2.34
2025,11,29,0.0,20.83,1.47
2025,11,30,0.0,20.55,1.83
2025,12,1,0.11,17.74,1.96
2025,12,2,0.0,19.46,2.15
2025,12,3,0.0,19.73,2.13
2025,12,4,0.0,19.02,2.46
2025,12,5,0.0,18.1,2.62
2025,12,6,0.0,17.2,2.26
2025,12,7,0.0,17.42,2.13
2025,12,8,0.0,17.06,2.21
2025,12,9,0.0,17.78,2.42
2025,12,10,0.0,17.43,2.42
2025,12,11,0.0,16.68,2.11
2025,12,12,0.0,17.13,1.78
2025,12,13,0.0,17.42,1.73
2025,12,14,0.0,17.46,2.2
2025,12,15,0.0,18.01,1.67
2025,12,16,0.0,18.28,1.44
2025,12,17,0.0,17.58,2.14
2025,12,18,0.0,17.21,1.96
2025,12,19,0.0,17.59,1.51
2025,12,20,0.0,17.7,1.71
2025,12,21,0.0,16.59,2.23
2025,12,22,0.0,16.98,2.01
2025,12,23,0.0,17.23,1.39
2025,12,24,0.0,17.56,1.67
2025,12,25,0.0,17.24,1.63
2025,12,26,0.0,16.26,2.02
2025,12,27,0.0,15.76,2.01
2025,12,28,0.0,16.17,1.77
2025,12,29,0.0,16.45,1.35
2025,12,30,0.0,16.65,1.32
2025,12,31,0.0,17.07,1.26
2026,1,1,0.0,17.53,1.43
